Type,From,To,Anchor Text,Alt Text,Follow,Target,Rel,Status Code,Status,Path Type,Link Path,Link Position,Link Origin
Hyperlink,https://www.drantipov.com/for-dentists/referring-doctors,https://www.aaoms.org/,American Association of Oral and Maxillofacial Surgeons The professional organization representing oral and maxillofacial surgeons in the United States.,,True,_blank,noopener noreferrer,301,Moved Permanently,Absolute,//body/main/section[2]/div/div/div/div[@id='panel-links']/div/ul/li[1]/a,Content,HTML
Iframe,https://www.drantipov.com/contact,"https://www.google.com/maps?q=911+Reserve+Dr+Suite+100,+Roseville,+CA+95678&output=embed",,,True,,,301,Moved Permanently,Absolute,//body/main/section[3]/div/div/iframe,Content,HTML
Iframe,https://www.drantipov.com/ru/contact,"https://www.google.com/maps?q=911+Reserve+Dr+Suite+100,+Roseville,+CA+95678&output=embed",,,True,,,301,Moved Permanently,Absolute,//body/main/section[3]/div/div/iframe,Content,HTML
Hyperlink,https://www.drantipov.com/legal/privacy-policy,https://www.hotjar.com/legal/policies/privacy/,Hotjar Privacy Policy,,True,_blank,noopener noreferrer,301,Moved Permanently,Absolute,//body/main/section[2]/div/div/div/div[@id='third-party']/ul[2]/li[2]/a,Content,HTML
Hyperlink,https://www.drantipov.com/ru/legal/privacy-policy,https://www.hotjar.com/legal/policies/privacy/,Политика конфиденциальности Hotjar,,True,_blank,noopener noreferrer,301,Moved Permanently,Absolute,//body/main/section[2]/div/div/div/div[@id='third-party']/ul[2]/li[2]/a,Content,HTML
Hyperlink,https://www.drantipov.com/for-patients/insights/implants-vs-dentures,https://www.aaoms.org/procedures/dental-implant-surgery,AAOMS — Dental Implant Surgery Procedure,,False,_blank,nofollow noopener,301,Moved Permanently,Absolute,//body/main/section[2]/div/article/section/ul/li[2]/a,Content,HTML
Hyperlink,https://www.drantipov.com/for-patients/insights/same-day-implants,https://www.aaoms.org/procedures/dental-implant-surgery,AAOMS — Dental Implant Surgery Procedure,,False,_blank,nofollow noopener,301,Moved Permanently,Absolute,//body/main/section[2]/div/article/section/ul/li[1]/a,Content,HTML
Hyperlink,https://www.drantipov.com/for-patients/insights/dental-implant-complications,https://www.aaoms.org/procedures/dental-implant-surgery,AAOMS Position Paper — Dental Implants,,False,_blank,nofollow noopener,301,Moved Permanently,Absolute,//body/main/section[2]/div/article/section/ul/li[2]/a,Content,HTML
Hyperlink,https://www.drantipov.com/for-patients/insights/dental-implant-aftercare,https://www.aaoms.org/procedures/dental-implant-surgery,AAOMS — After Implant Placement instructions,,False,_blank,nofollow noopener,301,Moved Permanently,Absolute,//body/main/section[2]/div/article/section/ul/li[1]/a,Content,HTML
Hyperlink,https://www.drantipov.com/for-patients/insights/bone-grafting-for-dental-implants-explained,https://www.aaoms.org/procedures/dental-implant-surgery,AAOMS — Dental Implant Surgery,,False,_blank,nofollow noopener,301,Moved Permanently,Absolute,//body/main/section[2]/div/article/section/ul/li[1]/a,Content,HTML
Hyperlink,https://www.drantipov.com/for-patients/insights/hybrid-dentures-vs-fixed-implant-bridges,https://www.aaoms.org/procedures/dental-implant-surgery,AAOMS — Dental Implant Surgery Procedure,,False,_blank,nofollow noopener,301,Moved Permanently,Absolute,//body/main/section[2]/div/article/section/ul/li[1]/a,Content,HTML
Hyperlink,https://www.drantipov.com/for-patients/insights/zirconia-arches,https://www.aaoms.org/procedures/dental-implant-surgery,AAOMS — Dental Implant Surgery Procedure,,False,_blank,nofollow noopener,301,Moved Permanently,Absolute,//body/main/section[2]/div/article/section/ul/li[1]/a,Content,HTML
Hyperlink,https://www.drantipov.com/for-patients/insights/all-on-4-dental-implants-explained-new-smile-in-one-day,https://www.aaoms.org/procedures/dental-implant-surgery,AAOMS — Dental Implant Surgery Procedure,,False,_blank,nofollow noopener,301,Moved Permanently,Absolute,//body/main/section[2]/div/article/section/ul/li[2]/a,Content,HTML
Hyperlink,https://www.drantipov.com/for-patients/insights/understanding-sinus-lift-for-dental-implants,https://www.aaoms.org/procedures/dental-implant-surgery,AAOMS — Dental Implant Surgery,,False,_blank,nofollow noopener,301,Moved Permanently,Absolute,//body/main/section[2]/div/article/section/ul/li[1]/a,Content,HTML
Hyperlink,https://www.drantipov.com/for-patients/insights/all-on-4-dental-implants-recovery-timeline,https://www.aaoms.org/procedures/dental-implant-surgery,American Association of Oral and Maxillofacial Surgeons,,True,_blank,noopener noreferrer,301,Moved Permanently,Absolute,//body/main/section[2]/div/article/div[3]/div[5]/p[1]/a,Content,HTML
Hyperlink,https://www.drantipov.com/for-patients/insights/zygomatic-implants,https://www.aaoms.org/procedures/dental-implant-surgery,AAOMS — Dental Implant Surgery,,False,_blank,nofollow noopener,301,Moved Permanently,Absolute,//body/main/section[2]/div/article/section/ul/li[2]/a,Content,HTML
Hyperlink,https://www.drantipov.com/for-patients/insights/all-on-x-dental-implants-cost,https://www.aaoms.org/procedures/dental-implant-surgery,AAOMS — Dental Implant Surgery Procedure,,False,_blank,nofollow noopener,301,Moved Permanently,Absolute,//body/main/section[2]/div/article/section/ul/li[1]/a,Content,HTML
Hyperlink,https://www.drantipov.com/for-patients/insights/guided-dental-implant-surgery-how-3d-planning-improves-accuracy,https://www.aaoms.org/procedures/dental-implant-surgery,AAOMS — Dental Implant Surgery,,False,_blank,nofollow noopener,301,Moved Permanently,Absolute,//body/main/section[2]/div/article/section/ul/li[1]/a,Content,HTML
Hyperlink,https://www.drantipov.com/for-patients/insights/all-on-4-vs-all-on-6,https://www.aaoms.org/procedures/dental-implant-surgery,AAOMS — Dental Implant Surgery Procedure,,False,_blank,nofollow noopener,301,Moved Permanently,Absolute,//body/main/section[2]/div/article/section/ul/li[2]/a,Content,HTML
Hyperlink,https://www.drantipov.com/for-patients/insights/zygomatic-dental-implants-when-traditional-implants-not-possible,https://www.aaoms.org/procedures/dental-implant-surgery,AAOMS — Dental Implant Surgery,,False,_blank,nofollow noopener,301,Moved Permanently,Absolute,//body/main/section[2]/div/article/section/ul/li[1]/a,Content,HTML
Hyperlink,https://www.drantipov.com/for-patients/insights/sedation-options-dental-implant-surgery,https://www.aaoms.org/procedures/dental-implant-surgery,AAOMS — Dental Implant Surgery,,False,_blank,nofollow noopener,301,Moved Permanently,Absolute,//body/main/section[2]/div/article/section/ul/li[2]/a,Content,HTML
Hyperlink,https://www.drantipov.com/for-patients/insights/what-is-an-oral-surgeon-and-what-do-they-do,https://www.aaoms.org/procedures/dental-implant-surgery,AAOMS — Dental Implant Surgery,,False,_blank,nofollow noopener,301,Moved Permanently,Absolute,//body/main/section[2]/div/article/section/ul/li[2]/a,Content,HTML
Hyperlink,https://www.drantipov.com/for-patients/insights/specialist-for-complex-dental-implants,https://www.aaoms.org/procedures/dental-implant-surgery,American Association of Oral and Maxillofacial Surgeons,,True,_blank,noopener noreferrer,301,Moved Permanently,Absolute,//body/main/section[2]/div/article/div[3]/div[2]/p[1]/a,Content,HTML
Hyperlink,https://www.drantipov.com/for-patients/insights/dental-implants-after-tooth-extraction-timing-healing-and-options,https://www.aaoms.org/procedures/dental-implant-surgery,AAOMS — Dental Implant Surgery,,False,_blank,nofollow noopener,301,Moved Permanently,Absolute,//body/main/section[2]/div/article/section/ul/li[1]/a,Content,HTML
Hyperlink,https://www.drantipov.com/for-patients/insights/single-tooth-implant-roseville,https://www.aaoms.org/procedures/dental-implant-surgery,AAOMS — Dental Implant Surgery Procedure,,False,_blank,nofollow noopener,301,Moved Permanently,Absolute,//body/main/section[2]/div/article/section/ul/li[1]/a,Content,HTML
Hyperlink,https://www.drantipov.com/for-patients/insights/zygomatic-implants-vs-bone-grafting-for-severe-bone-loss,https://www.aaoms.org/procedures/dental-implant-surgery,AAOMS — Dental Implant Surgery,,False,_blank,nofollow noopener,301,Moved Permanently,Absolute,//body/main/section[2]/div/article/section/ul/li[1]/a,Content,HTML
Hyperlink,https://www.drantipov.com/for-patients/insights/full-mouth-dental-implants-cost-process,https://www.aaoms.org/procedures/dental-implant-surgery,AAOMS — Dental Implant Surgery Procedure,,False,_blank,nofollow noopener,301,Moved Permanently,Absolute,//body/main/section[2]/div/article/section/ul/li[1]/a,Content,HTML
Hyperlink,https://www.drantipov.com/for-patients/insights/dental-implant-procedure-complete-guide,https://www.aaoms.org/procedures/dental-implant-surgery,AAOMS — Dental Implant Surgery,,False,_blank,nofollow noopener,301,Moved Permanently,Absolute,//body/main/section[2]/div/article/section/ul/li[1]/a,Content,HTML
Hyperlink,https://www.drantipov.com/ru/for-patients/insights/dental-implants-after-tooth-extraction-timing-healing-and-options,https://www.aaoms.org/procedures/dental-implant-surgery,AAOMS — Хирургия дентальных имплантов,,False,_blank,nofollow noopener,301,Moved Permanently,Absolute,//body/main/section[2]/div/article/section/ul/li[1]/a,Content,HTML
Hyperlink,https://www.drantipov.com/ru/for-patients/insights/full-mouth-dental-implants-cost-process,https://www.aaoms.org/procedures/dental-implant-surgery,AAOMS — Процедура установки дентальных имплантов,,False,_blank,nofollow noopener,301,Moved Permanently,Absolute,//body/main/section[2]/div/article/section/ul/li[1]/a,Content,HTML
Hyperlink,https://www.drantipov.com/ru/for-patients/insights/dental-implant-procedure-complete-guide,https://www.aaoms.org/procedures/dental-implant-surgery,AAOMS — Процедура имплантации зубов,,False,_blank,nofollow noopener,301,Moved Permanently,Absolute,//body/main/section[2]/div/article/section/ul/li[1]/a,Content,HTML
Hyperlink,https://www.drantipov.com/ru/for-patients/insights/zirconia-arches,https://www.aaoms.org/procedures/dental-implant-surgery,AAOMS — Процедура установки дентальных имплантов,,False,_blank,nofollow noopener,301,Moved Permanently,Absolute,//body/main/section[2]/div/article/section/ul/li[1]/a,Content,HTML
Hyperlink,https://www.drantipov.com/ru/for-patients/insights/all-on-x-dental-implants-cost,https://www.aaoms.org/procedures/dental-implant-surgery,AAOMS — Процедура установки дентальных имплантов,,False,_blank,nofollow noopener,301,Moved Permanently,Absolute,//body/main/section[2]/div/article/section/ul/li[1]/a,Content,HTML
Hyperlink,https://www.drantipov.com/ru/for-patients/insights/zygomatic-implants-vs-bone-grafting-for-severe-bone-loss,https://www.aaoms.org/procedures/dental-implant-surgery,AAOMS — Хирургия дентальных имплантов,,False,_blank,nofollow noopener,301,Moved Permanently,Absolute,//body/main/section[2]/div/article/section/ul/li[1]/a,Content,HTML
Hyperlink,https://www.drantipov.com/ru/for-patients/insights/zygomatic-implants,https://www.aaoms.org/procedures/dental-implant-surgery,AAOMS — Dental Implant Surgery,,False,_blank,nofollow noopener,301,Moved Permanently,Absolute,//body/main/section[2]/div/article/section/ul/li[2]/a,Content,HTML
Hyperlink,https://www.drantipov.com/ru/for-patients/insights/bone-grafting-for-dental-implants-explained,https://www.aaoms.org/procedures/dental-implant-surgery,AAOMS — Процедура имплантации зубов,,False,_blank,nofollow noopener,301,Moved Permanently,Absolute,//body/main/section[2]/div/article/section/ul/li[1]/a,Content,HTML
Hyperlink,https://www.drantipov.com/ru/for-patients/insights/implants-vs-dentures,https://www.aaoms.org/procedures/dental-implant-surgery,AAOMS — Процедура имплантации зубов,,False,_blank,nofollow noopener,301,Moved Permanently,Absolute,//body/main/section[2]/div/article/section/ul/li[2]/a,Content,HTML
Hyperlink,https://www.drantipov.com/ru/for-patients/insights/guided-dental-implant-surgery-how-3d-planning-improves-accuracy,https://www.aaoms.org/procedures/dental-implant-surgery,AAOMS — Дентальная имплантация,,False,_blank,nofollow noopener,301,Moved Permanently,Absolute,//body/main/section[2]/div/article/section/ul/li[1]/a,Content,HTML
Hyperlink,https://www.drantipov.com/ru/for-patients/insights/dental-implant-aftercare,https://www.aaoms.org/procedures/dental-implant-surgery,AAOMS — Инструкции после установки имплантов,,False,_blank,nofollow noopener,301,Moved Permanently,Absolute,//body/main/section[2]/div/article/section/ul/li[1]/a,Content,HTML
Hyperlink,https://www.drantipov.com/ru/for-patients/insights/all-on-4-vs-all-on-6,https://www.aaoms.org/procedures/dental-implant-surgery,AAOMS — Процедура имплантации зубов,,False,_blank,nofollow noopener,301,Moved Permanently,Absolute,//body/main/section[2]/div/article/section/ul/li[2]/a,Content,HTML
Hyperlink,https://www.drantipov.com/ru/for-patients/insights/same-day-implants,https://www.aaoms.org/procedures/dental-implant-surgery,AAOMS — Процедура имплантации зубов,,False,_blank,nofollow noopener,301,Moved Permanently,Absolute,//body/main/section[2]/div/article/section/ul/li[1]/a,Content,HTML
Hyperlink,https://www.drantipov.com/ru/for-patients/insights/hybrid-dentures-vs-fixed-implant-bridges,https://www.aaoms.org/procedures/dental-implant-surgery,AAOMS — Процедура установки дентальных имплантов,,False,_blank,nofollow noopener,301,Moved Permanently,Absolute,//body/main/section[2]/div/article/section/ul/li[1]/a,Content,HTML
Hyperlink,https://www.drantipov.com/ru/for-patients/insights/dental-implant-complications,https://www.aaoms.org/procedures/dental-implant-surgery,AAOMS Position Paper — Дентальные импланты,,False,_blank,nofollow noopener,301,Moved Permanently,Absolute,//body/main/section[2]/div/article/section/ul/li[2]/a,Content,HTML
Hyperlink,https://www.drantipov.com/ru/for-patients/insights/what-is-an-oral-surgeon-and-what-do-they-do,https://www.aaoms.org/procedures/dental-implant-surgery,AAOMS — Процедура имплантации зубов,,False,_blank,nofollow noopener,301,Moved Permanently,Absolute,//body/main/section[2]/div/article/section/ul/li[2]/a,Content,HTML
Hyperlink,https://www.drantipov.com/ru/for-patients/insights/zygomatic-dental-implants-when-traditional-implants-not-possible,https://www.aaoms.org/procedures/dental-implant-surgery,AAOMS — Хирургия дентальных имплантов,,False,_blank,nofollow noopener,301,Moved Permanently,Absolute,//body/main/section[2]/div/article/section/ul/li[1]/a,Content,HTML
Hyperlink,https://www.drantipov.com/ru/for-patients/insights/sedation-options-dental-implant-surgery,https://www.aaoms.org/procedures/dental-implant-surgery,AAOMS — Установка дентальных имплантов,,False,_blank,nofollow noopener,301,Moved Permanently,Absolute,//body/main/section[2]/div/article/section/ul/li[2]/a,Content,HTML
Hyperlink,https://www.drantipov.com/ru/for-patients/insights/understanding-sinus-lift-for-dental-implants,https://www.aaoms.org/procedures/dental-implant-surgery,AAOMS — Хирургия дентальных имплантов,,False,_blank,nofollow noopener,301,Moved Permanently,Absolute,//body/main/section[2]/div/article/section/ul/li[1]/a,Content,HTML
Hyperlink,https://www.drantipov.com/for-patients/insights/teeth-in-a-day-same-day-smile-restoration,https://www.aaoms.org/procedures/dental-implant-surgery/,American Association of Oral and Maxillofacial Surgeons,,True,_blank,noopener noreferrer,301,Moved Permanently,Absolute,//body/main/section[2]/div/article/div[3]/div[2]/p[1]/a,Content,HTML
Hyperlink,https://www.drantipov.com/for-patients/insights/iv-sedation-dentistry-what-to-expect,https://www.aaoms.org/procedures/anesthesia,American Association of Oral and Maxillofacial Surgeons,,True,_blank,noopener noreferrer,301,Moved Permanently,Absolute,//body/main/section[2]/div/article/div[3]/div[4]/p[1]/a,Content,HTML
Hyperlink,https://www.drantipov.com/for-patients/insights/sedation-options-dental-implant-surgery,https://www.aaoms.org/procedures/anesthesia,AAOMS — Anesthesia in Oral & Maxillofacial Surgery,,False,_blank,nofollow noopener,301,Moved Permanently,Absolute,//body/main/section[2]/div/article/section/ul/li[1]/a,Content,HTML
Hyperlink,https://www.drantipov.com/ru/for-patients/insights/sedation-options-dental-implant-surgery,https://www.aaoms.org/procedures/anesthesia,AAOMS — Анестезия в челюстно-лицевой хирургии,,False,_blank,nofollow noopener,301,Moved Permanently,Absolute,//body/main/section[2]/div/article/section/ul/li[1]/a,Content,HTML