Address,Occurrences,Title 1,Title 1 Length,Title 1 Pixel Width,Indexability,Indexability Status
https://www.drantipov.com/for-patients/insights/fixing-a-failed-all-on-4-revision-options,1,Fixing a Failed All-on-4: Revision Surgery Options,50,433,Indexable,
https://www.drantipov.com/for-patients/insights/can-a-loose-dental-implant-be-saved,1,Can a Loose Dental Implant Be Saved?,36,343,Indexable,
https://www.drantipov.com/for-patients/insights/bone-grafting-for-dental-implants-explained,1,Bone Grafting for Dental Implants Explained: Procedure Guide,60,549,Indexable,
https://www.drantipov.com/for-patients/insights/hybrid-dentures-vs-fixed-implant-bridges,1,Hybrid Dentures vs Fixed Implant Bridges: Key Differences,57,517,Indexable,
https://www.drantipov.com/for-patients/insights/replacing-old-failing-bridges-with-implants,1,Replacing Old Failing Bridges With Implants: Key Steps,54,486,Indexable,
https://www.drantipov.com/for-patients/insights/how-to-fix-an-overbite-treatment-options-and-cost,1,"How to Fix an Overbite: Treatment Options, Surgery & Cost",57,521,Indexable,
https://www.drantipov.com/for-patients/insights/repairing-a-broken-implant-crown-or-prosthesis,1,Repairing a Broken Implant Crown or Prosthesis Guide,52,482,Indexable,
https://www.drantipov.com/for-patients/insights/understanding-sinus-lift-for-dental-implants,1,Understanding Sinus Lift for Dental Implants Guide,50,452,Indexable,
https://www.drantipov.com/for-patients/insights/all-on-x-dental-implants-cost,1,"All-on-X Dental Implants Cost Explained: 4, 6, 8 Implants",57,497,Indexable,
https://www.drantipov.com/for-patients/insights/all-on-4-vs-all-on-6,1,All-on-4 vs All-on-6 Dental Implants: Which Is Better?,54,466,Indexable,
https://www.drantipov.com/for-patients/insights/severe-overbite-when-jaw-surgery-is-needed,1,Severe Overbite: A Guide When Jaw Surgery Is Needed,51,488,Indexable,
https://www.drantipov.com/for-patients/insights/replacing-a-failed-dental-implant-what-to-expect,1,Replacing a Failed Dental Implant: What to Expect & Process,59,537,Indexable,
https://www.drantipov.com/for-patients/insights/what-is-an-oral-surgeon-and-what-do-they-do,1,What Is an Oral Surgeon and What Do They Do: Roles,50,470,Indexable,
https://www.drantipov.com/for-patients/insights/correcting-bite-problems-after-implant-work,1,Correcting Bite Problems After Implant Work: Fixes,50,455,Indexable,
https://www.drantipov.com/for-patients/insights/second-opinion-on-failed-dental-implants,1,Second Opinion on Failed Implants: Revision Options,51,467,Indexable,
https://www.drantipov.com/for-patients/insights/single-tooth-implant-roseville,1,Single Tooth Implant in Roseville: Complete Patient Guide,57,515,Indexable,
https://www.drantipov.com/for-patients/insights/full-mouth-reconstruction-for-failed-dental-work,1,Full-Mouth Reconstruction for Failed Dental Work: Steps,55,498,Indexable,
https://www.drantipov.com/for-patients/insights/implant-revision-after-bone-loss,1,Implant Revision After Bone Loss: Grafting Options,50,452,Indexable,
https://www.drantipov.com/for-patients/insights/surgical-wisdom-tooth-removal-tooth-sectioning-explained,1,Surgical Wisdom Tooth Removal: Tooth Sectioning Guide,53,508,Indexable,
https://www.drantipov.com/for-patients/insights/can-dental-implants-get-cavities-or-gum-disease,1,Can Dental Implants Get Cavities or Gum Disease? Facts,54,505,Indexable,