Address,Content Type,Size (bytes),IMG Inlinks,Indexability,Indexability Status,Dimensions
https://www.drantipov.com/_next/image?url=%2Fimages%2Foffice-tour%2F12%2Fgallery%402x-surgical-planning.jpg&w=3840&q=75&dpl=dpl_AocR8G927cD9b1EN7RTdG1PPiWAf,image/jpeg,128374,4,Indexable,,
https://www.drantipov.com/_next/image?url=%2Fimages%2Fprocedures%2Ffull-arch-prosthesis.png&w=3840&q=75&dpl=dpl_AocR8G927cD9b1EN7RTdG1PPiWAf,image/png,478924,4,Indexable,,
https://www.drantipov.com/_next/image?url=%2Fimages%2Fdr-antipov-scrubs-our-team.jpg&w=3840&q=85&dpl=dpl_AocR8G927cD9b1EN7RTdG1PPiWAf,image/jpeg,460662,2,Indexable,,
https://www.drantipov.com/_next/image?url=%2Fimages%2Fdrantipov-hero-cutout-clean.png&w=3840&q=75&dpl=dpl_AocR8G927cD9b1EN7RTdG1PPiWAf,image/png,622511,4,Indexable,,
https://www.drantipov.com/_next/image?url=%2Fimages%2Foffice-tour%2F10%2Fgallery%402x-instrument-prep.jpg&w=3840&q=75&dpl=dpl_AocR8G927cD9b1EN7RTdG1PPiWAf,image/jpeg,109684,4,Indexable,,
https://www.drantipov.com/_next/image?url=%2Fimages%2Fprocedures%2Fsingle-tooth-implant.png&w=3840&q=75&dpl=dpl_AocR8G927cD9b1EN7RTdG1PPiWAf,image/png,393620,9,Indexable,,
https://www.drantipov.com/_next/image?url=%2Fimages%2Ffullarch%2F08-final-result.jpeg&w=3840&q=75&dpl=dpl_AocR8G927cD9b1EN7RTdG1PPiWAf,image/jpeg,160896,6,Indexable,,
https://www.drantipov.com/_next/image?url=%2Fimages%2Fblog%2F2015-06-22%2Fsurgery-team-411cef8b.jpg&w=3840&q=85&dpl=dpl_AocR8G927cD9b1EN7RTdG1PPiWAf,image/jpeg,121607,2,Indexable,,
https://www.drantipov.com/_next/image?url=%2Fimages%2Fblog%2F2015-12-30%2Fpatient-post-op-visit%402x-6de2a75d.jpg&w=3840&q=85&dpl=dpl_AocR8G927cD9b1EN7RTdG1PPiWAf,image/jpeg,124901,2,Indexable,,
https://www.drantipov.com/_next/image?url=%2Fimages%2FIMG_844_3.jpg&w=3840&q=75&dpl=dpl_AocR8G927cD9b1EN7RTdG1PPiWAf,image/jpeg,125809,2,Indexable,,
https://www.drantipov.com/_next/image?url=%2Fimages%2Fblog%2F2026-06-19%2Fsevere-overbite-jaw-surgery.png&w=3840&q=75&dpl=dpl_AocR8G927cD9b1EN7RTdG1PPiWAf,image/png,262348,4,Indexable,,
https://www.drantipov.com/_next/image?url=%2Fimages%2Fblog%2F2026-06-19%2Fzygomatic-when-impossible.png&w=3840&q=75&dpl=dpl_AocR8G927cD9b1EN7RTdG1PPiWAf,image/png,260692,4,Indexable,,
https://www.drantipov.com/_next/image?url=%2Fimages%2Fblog%2F2026-07-27%2Fbenefits-of-all-on-4-dental-implants.png&w=3840&q=75&dpl=dpl_AocR8G927cD9b1EN7RTdG1PPiWAf,image/png,446892,5,Indexable,,
https://www.drantipov.com/_next/image?url=%2Fimages%2Fblog%2F2026-06-22%2Fimplants-for-seniors.png&w=3840&q=75&dpl=dpl_AocR8G927cD9b1EN7RTdG1PPiWAf,image/png,446838,10,Indexable,,
https://www.drantipov.com/_next/image?url=%2Fimages%2Fblog%2F2026-06-19%2Fimplants-after-extraction.png&w=3840&q=75&dpl=dpl_AocR8G927cD9b1EN7RTdG1PPiWAf,image/png,295056,4,Indexable,,
https://www.drantipov.com/_next/image?url=%2Fimages%2Fblog%2F2026-08-04%2Fdental-implant-payment-plans.png&w=3840&q=75&dpl=dpl_AocR8G927cD9b1EN7RTdG1PPiWAf,image/png,512573,5,Indexable,,
https://www.drantipov.com/_next/image?url=%2Fimages%2Fblog%2F2026-07-21%2Fdental-implant-surgery-complete-guide.png&w=3840&q=75&dpl=dpl_AocR8G927cD9b1EN7RTdG1PPiWAf,image/png,424506,5,Indexable,,
https://www.drantipov.com/_next/image?url=%2Fimages%2Fblog%2F2026-07-07%2Fzirconia-dental-implants-california.png&w=3840&q=75&dpl=dpl_AocR8G927cD9b1EN7RTdG1PPiWAf,image/png,255018,5,Indexable,,
https://www.drantipov.com/_next/image?url=%2Fimages%2Fblog%2F2026-07-27%2Fdental-implant-price-match-guarantee-california.png&w=3840&q=75&dpl=dpl_AocR8G927cD9b1EN7RTdG1PPiWAf,image/png,483103,5,Indexable,,
https://www.drantipov.com/_next/image?url=%2Fimages%2Fblog%2F2026-06-22%2Fhealing-vs-infection.png&w=3840&q=75&dpl=dpl_AocR8G927cD9b1EN7RTdG1PPiWAf,image/png,387562,10,Indexable,,
https://www.drantipov.com/_next/image?url=%2Fimages%2Fblog%2F2026-06-19%2Fsedation-options.png&w=3840&q=75&dpl=dpl_AocR8G927cD9b1EN7RTdG1PPiWAf,image/png,182028,4,Indexable,,
https://www.drantipov.com/_next/image?url=%2Fimages%2Fblog%2F2026-06-22%2Fcandidate-for-implants.png&w=3840&q=75&dpl=dpl_AocR8G927cD9b1EN7RTdG1PPiWAf,image/png,387827,10,Indexable,,
https://www.drantipov.com/_next/image?url=%2Fimages%2Fblog%2F2026-06-22%2Ffull-mouth-reconstruction-failed.png&w=3840&q=75&dpl=dpl_AocR8G927cD9b1EN7RTdG1PPiWAf,image/png,407222,10,Indexable,,
https://www.drantipov.com/_next/image?url=%2Fimages%2Fblog%2F2026-06-22%2Fsingle-implant-cost-norcal.png&w=3840&q=75&dpl=dpl_AocR8G927cD9b1EN7RTdG1PPiWAf,image/png,451600,10,Indexable,,
https://www.drantipov.com/_next/image?url=%2Fimages%2Fblog%2F2026-07-14%2Fteeth-in-a-day-same-day-smile-restoration.png&w=3840&q=75&dpl=dpl_AocR8G927cD9b1EN7RTdG1PPiWAf,image/png,426060,5,Indexable,,
https://www.drantipov.com/_next/image?url=%2Fimages%2Fblog%2F2026-08-04%2Fhow-bone-loss-affects-dental-implants.png&w=3840&q=75&dpl=dpl_AocR8G927cD9b1EN7RTdG1PPiWAf,image/png,445452,5,Indexable,,
https://www.drantipov.com/_next/image?url=%2Fimages%2Fblog%2F2026-07-02%2Fsingle-tooth-implant-vs-dental-bridge.png&w=3840&q=75&dpl=dpl_AocR8G927cD9b1EN7RTdG1PPiWAf,image/png,246571,5,Indexable,,
https://www.drantipov.com/_next/image?url=%2Fimages%2Fblog%2F2026-07-27%2Fdental-implant-revision-surgery.png&w=3840&q=75&dpl=dpl_AocR8G927cD9b1EN7RTdG1PPiWAf,image/png,440431,5,Indexable,,
https://www.drantipov.com/_next/image?url=%2Fimages%2Fblog%2F2026-07-27%2Fsnap-in-dentures-el-dorado-hills.png&w=3840&q=75&dpl=dpl_AocR8G927cD9b1EN7RTdG1PPiWAf,image/png,463464,5,Indexable,,
https://www.drantipov.com/_next/image?url=%2Fimages%2Fblog%2F2026-06-19%2Fdental-implant-procedure.png&w=3840&q=75&dpl=dpl_AocR8G927cD9b1EN7RTdG1PPiWAf,image/png,238523,10,Indexable,,
https://www.drantipov.com/_next/image?url=%2Fimages%2Fblog%2F2026-08-04%2Fdental-implants-for-missing-back-teeth.png&w=3840&q=75&dpl=dpl_AocR8G927cD9b1EN7RTdG1PPiWAf,image/png,389484,6,Indexable,,
https://www.drantipov.com/_next/image?url=%2Fimages%2Fblog%2F2026-06-19%2Ffull-mouth-dental-implants.png&w=3840&q=75&dpl=dpl_AocR8G927cD9b1EN7RTdG1PPiWAf,image/png,415600,6,Indexable,,
https://www.drantipov.com/_next/image?url=%2Fimages%2Fblog%2F2026-07-13%2Fall-on-4-recovery.png&w=3840&q=75&dpl=dpl_AocR8G927cD9b1EN7RTdG1PPiWAf,image/png,550621,5,Indexable,,
https://www.drantipov.com/_next/image?url=%2Fimages%2Fblog%2F2026-07-13%2Fpermanent-dentures-fixed-vs-removable.png&w=3840&q=75&dpl=dpl_AocR8G927cD9b1EN7RTdG1PPiWAf,image/png,300661,5,Indexable,,
https://www.drantipov.com/_next/image?url=%2Fimages%2Fblog%2F2026-07-27%2Fdental-implants-el-dorado-hills.png&w=3840&q=75&dpl=dpl_AocR8G927cD9b1EN7RTdG1PPiWAf,image/png,423814,5,Indexable,,
https://www.drantipov.com/_next/image?url=%2Fimages%2Fblog%2F2026-07-20%2Fsnap-in-dentures-complete-guide.png&w=3840&q=75&dpl=dpl_AocR8G927cD9b1EN7RTdG1PPiWAf,image/png,339194,5,Indexable,,
https://www.drantipov.com/_next/image?url=%2Fimages%2Fblog%2F2026-06-19%2Fsinus-lift.png&w=3840&q=75&dpl=dpl_AocR8G927cD9b1EN7RTdG1PPiWAf,image/png,269559,6,Indexable,,
https://www.drantipov.com/_next/image?url=%2Fimages%2Fblog%2F2026-08-04%2Fimplant-supported-dentures-vs-traditional-dentures.png&w=3840&q=75&dpl=dpl_AocR8G927cD9b1EN7RTdG1PPiWAf,image/png,298877,5,Indexable,,
https://www.drantipov.com/_next/image?url=%2Fimages%2Fblog%2F2026-07-02%2Fprice-match-guarantee.png&w=3840&q=75&dpl=dpl_AocR8G927cD9b1EN7RTdG1PPiWAf,image/png,408912,5,Indexable,,
https://www.drantipov.com/_next/image?url=%2Fimages%2Fblog%2F2026-06-19%2Fall-on-4-vs-all-on-6.png&w=3840&q=75&dpl=dpl_AocR8G927cD9b1EN7RTdG1PPiWAf,image/png,368055,7,Indexable,,
https://www.drantipov.com/_next/image?url=%2Fimages%2Fblog%2F2026-08-04%2Fboard-certified-dental-implant-surgeon-california.png&w=3840&q=75&dpl=dpl_AocR8G927cD9b1EN7RTdG1PPiWAf,image/png,421296,5,Indexable,,
https://www.drantipov.com/_next/image?url=%2Fimages%2Fblog%2F2026-06-22%2Fimplants-severe-bone-loss.png&w=3840&q=75&dpl=dpl_AocR8G927cD9b1EN7RTdG1PPiWAf,image/png,389424,4,Indexable,,
https://www.drantipov.com/_next/image?url=%2Fimages%2Fblog%2F2026-06-19%2Fguided-implant-surgery.png&w=3840&q=75&dpl=dpl_AocR8G927cD9b1EN7RTdG1PPiWAf,image/png,338478,4,Indexable,,
https://www.drantipov.com/_next/image?url=%2Fimages%2Fblog%2F2026-08-04%2Fhow-much-do-dental-implants-cost.png&w=3840&q=75&dpl=dpl_AocR8G927cD9b1EN7RTdG1PPiWAf,image/png,494422,5,Indexable,,
https://www.drantipov.com/_next/image?url=%2Fimages%2Fblog%2F2026-06-22%2Fwhy-implants-expensive.png&w=3840&q=75&dpl=dpl_AocR8G927cD9b1EN7RTdG1PPiWAf,image/png,422006,10,Indexable,,
https://www.drantipov.com/_next/image?url=%2Fimages%2Fblog%2F2026-06-19%2Fall-on-x-cost.png&w=3840&q=75&dpl=dpl_AocR8G927cD9b1EN7RTdG1PPiWAf,image/png,315728,8,Indexable,,
https://www.drantipov.com/_next/image?url=%2Fimages%2Fblog%2F2026-07-27%2Fimplant-supported-dentures-monterey.png&w=3840&q=75&dpl=dpl_AocR8G927cD9b1EN7RTdG1PPiWAf,image/png,521098,5,Indexable,,
https://www.drantipov.com/_next/image?url=%2Fimages%2Fblog%2F2026-06-19%2Fhybrid-vs-fixed.png&w=3840&q=75&dpl=dpl_AocR8G927cD9b1EN7RTdG1PPiWAf,image/png,313436,4,Indexable,,
https://www.drantipov.com/_next/image?url=%2Fimages%2Fblog%2F2026-06-22%2Fimplants-osteoporosis-autoimmune.png&w=3840&q=75&dpl=dpl_AocR8G927cD9b1EN7RTdG1PPiWAf,image/png,419356,10,Indexable,,
https://www.drantipov.com/_next/image?url=%2Fimages%2Fblog%2F2026-06-22%2Floose-dental-implant.png&w=3840&q=75&dpl=dpl_AocR8G927cD9b1EN7RTdG1PPiWAf,image/png,407230,10,Indexable,,
https://www.drantipov.com/_next/image?url=%2Fimages%2Fblog%2F2026-06-19%2Fbone-grafting.png&w=3840&q=75&dpl=dpl_AocR8G927cD9b1EN7RTdG1PPiWAf,image/png,322600,8,Indexable,,
https://www.drantipov.com/_next/image?url=%2Fimages%2Fblog%2F2026-08-04%2Fsingle-tooth-implant-process-timeline.png&w=3840&q=75&dpl=dpl_AocR8G927cD9b1EN7RTdG1PPiWAf,image/png,327483,8,Indexable,,
https://www.drantipov.com/_next/image?url=%2Fimages%2Fblog%2F2026-08-04%2Ffull-fixed-arch-implant-cost.png&w=3840&q=75&dpl=dpl_AocR8G927cD9b1EN7RTdG1PPiWAf,image/png,398393,5,Indexable,,
https://www.drantipov.com/_next/image?url=%2Fimages%2Fblog%2F2026-06-19%2Fzirconia-arches.png&w=3840&q=75&dpl=dpl_AocR8G927cD9b1EN7RTdG1PPiWAf,image/png,254436,6,Indexable,,
https://www.drantipov.com/_next/image?url=%2Fimages%2Fblog%2F2026-07-14%2Fspecialist-for-complex-dental-implants.png&w=3840&q=75&dpl=dpl_AocR8G927cD9b1EN7RTdG1PPiWAf,image/png,442726,5,Indexable,,
https://www.drantipov.com/_next/image?url=%2Fimages%2Fblog%2F2026-06-22%2Ffailing-bridge-to-implants.png&w=3840&q=75&dpl=dpl_AocR8G927cD9b1EN7RTdG1PPiWAf,image/png,365772,10,Indexable,,
https://www.drantipov.com/_next/image?url=%2Fimages%2Fblog%2F2026-07-07%2Fbest-full-arch-clinics-california.png&w=3840&q=75&dpl=dpl_AocR8G927cD9b1EN7RTdG1PPiWAf,image/png,452641,5,Indexable,,
https://www.drantipov.com/_next/image?url=%2Fimages%2Fblog%2F2026-06-22%2Ftitanium-vs-zirconia.png&w=3840&q=75&dpl=dpl_AocR8G927cD9b1EN7RTdG1PPiWAf,image/png,234329,10,Indexable,,
https://www.drantipov.com/_next/image?url=%2Fimages%2Fblog%2F2026-06-22%2Freplacing-failed-implant.png&w=3840&q=75&dpl=dpl_AocR8G927cD9b1EN7RTdG1PPiWAf,image/png,345482,10,Indexable,,
https://www.drantipov.com/_next/image?url=%2Fimages%2Fblog%2F2026-06-22%2Fimplants-for-diabetics.png&w=3840&q=75&dpl=dpl_AocR8G927cD9b1EN7RTdG1PPiWAf,image/png,464141,6,Indexable,,
https://www.drantipov.com/_next/image?url=%2Fimages%2Fblog%2F2026-04-28%2Fsame-day-implants.jpg&w=3840&q=75&dpl=dpl_AocR8G927cD9b1EN7RTdG1PPiWAf,image/jpeg,160896,9,Indexable,,
https://www.drantipov.com/_next/image?url=%2Fimages%2Fblog%2F2026-06-22%2Fredoing-implants-abroad.png&w=3840&q=75&dpl=dpl_AocR8G927cD9b1EN7RTdG1PPiWAf,image/png,428710,10,Indexable,,
https://www.drantipov.com/_next/image?url=%2Fimages%2Fblog%2F2026-08-04%2Ffixed-dentures-on-implants.png&w=3840&q=75&dpl=dpl_AocR8G927cD9b1EN7RTdG1PPiWAf,image/png,389746,7,Indexable,,
https://www.drantipov.com/_next/image?url=%2Fimages%2Fblog%2F2026-06-22%2Fhow-to-fix-an-overbite.png&w=3840&q=75&dpl=dpl_AocR8G927cD9b1EN7RTdG1PPiWAf,image/png,254895,10,Indexable,,
https://www.drantipov.com/_next/image?url=%2Fimages%2Fblog%2F2026-07-13%2Fiv-sedation-dentistry.png&w=3840&q=75&dpl=dpl_AocR8G927cD9b1EN7RTdG1PPiWAf,image/png,399345,5,Indexable,,
https://www.drantipov.com/_next/image?url=%2Fimages%2Fblog%2F2026-08-04%2Fall-on-4-dental-implants-san-francisco.png&w=3840&q=75&dpl=dpl_AocR8G927cD9b1EN7RTdG1PPiWAf,image/png,373079,5,Indexable,,
https://www.drantipov.com/_next/image?url=%2Fimages%2Fblog%2F2026-07-07%2Ftold-no-implants-second-opinion.png&w=3840&q=75&dpl=dpl_AocR8G927cD9b1EN7RTdG1PPiWAf,image/png,399170,5,Indexable,,
https://www.drantipov.com/_next/image?url=%2Fimages%2Fblog%2F2026-08-04%2Fsame-day-teeth-roseville-ca.png&w=3840&q=75&dpl=dpl_AocR8G927cD9b1EN7RTdG1PPiWAf,image/png,483331,5,Indexable,,
https://www.drantipov.com/_next/image?url=%2Fimages%2Fblog%2F2026-06-22%2Fsecond-opinion-failed-implants.png&w=3840&q=75&dpl=dpl_AocR8G927cD9b1EN7RTdG1PPiWAf,image/png,413178,10,Indexable,,
https://www.drantipov.com/_next/image?url=%2Fimages%2Fblog%2F2026-07-07%2Fdental-implant-financing-options.png&w=3840&q=75&dpl=dpl_AocR8G927cD9b1EN7RTdG1PPiWAf,image/png,412330,5,Indexable,,
https://www.drantipov.com/_next/image?url=%2Fimages%2Fblog%2F2026-06-19%2Fzygomatic-vs-grafting.png&w=3840&q=75&dpl=dpl_AocR8G927cD9b1EN7RTdG1PPiWAf,image/png,398777,4,Indexable,,
https://www.drantipov.com/_next/image?url=%2Fimages%2Fblog%2F2026-06-22%2Fimplant-gum-disease.png&w=3840&q=75&dpl=dpl_AocR8G927cD9b1EN7RTdG1PPiWAf,image/png,345525,10,Indexable,,
https://www.drantipov.com/_next/image?url=%2Fimages%2Fblog%2F2026-07-21%2Fsame-day-dental-implant-process-step-by-step.png&w=3840&q=75&dpl=dpl_AocR8G927cD9b1EN7RTdG1PPiWAf,image/png,396681,5,Indexable,,
https://www.drantipov.com/_next/image?url=%2Fimages%2Flanding-pages%2Fdental-implants%2Fart%2Fslider03-00325586.jpg&w=3840&q=75&dpl=dpl_AocR8G927cD9b1EN7RTdG1PPiWAf,image/jpeg,112652,2,Indexable,,
https://www.drantipov.com/_next/image?url=%2Fimages%2Ffullarch%2F01-before-damaged.jpeg&w=3840&q=75&dpl=dpl_AocR8G927cD9b1EN7RTdG1PPiWAf,image/jpeg,161995,2,Indexable,,
https://www.drantipov.com/_next/image?url=%2Fimages%2Ffullarch%2F07-implants-abutments.jpeg&w=3840&q=75&dpl=dpl_AocR8G927cD9b1EN7RTdG1PPiWAf,image/jpeg,163886,2,Indexable,,
https://www.drantipov.com/_next/image?url=%2Fimages%2Fmeetdrantipov.png&w=1920&q=75&dpl=dpl_AocR8G927cD9b1EN7RTdG1PPiWAf,image/png,178265,2,Indexable,,
https://www.drantipov.com/_next/image?url=%2Fimages%2Fdr-antipov-work.png&w=3840&q=75&dpl=dpl_AocR8G927cD9b1EN7RTdG1PPiWAf,image/png,345168,2,Indexable,,
https://www.drantipov.com/_next/image?url=%2Fimages%2Fhero%2F09-final-crown.jpeg&w=3840&q=75&dpl=dpl_AocR8G927cD9b1EN7RTdG1PPiWAf,image/jpeg,257389,1,Indexable,,
https://www.drantipov.com/_next/image?url=%2Fimages%2Fblog%2F2017-06-12%2F2017-bscoso-summer-course%402x-da40cb05.jpg&w=3840&q=85&dpl=dpl_AocR8G927cD9b1EN7RTdG1PPiWAf,image/jpeg,133136,1,Indexable,,
https://www.drantipov.com/_next/image?url=%2Fimages%2Fforpatients-hero.jpg&w=3840&q=85&dpl=dpl_AocR8G927cD9b1EN7RTdG1PPiWAf,image/jpeg,184776,1,Indexable,,
https://www.drantipov.com/_next/image?url=%2Fimages%2Fsleep-apnea-mma-surgery.jpg&w=3840&q=75&dpl=dpl_AocR8G927cD9b1EN7RTdG1PPiWAf,image/jpeg,221431,1,Indexable,,
https://www.drantipov.com/_next/image?url=%2Fimages%2Fhero%2F04-bone-graft-healing.jpg&w=3840&q=75&dpl=dpl_AocR8G927cD9b1EN7RTdG1PPiWAf,image/jpeg,282170,1,Indexable,,
https://www.drantipov.com/_next/image?url=%2Fimages%2Fdoctor-hand3-cutout.png&w=3840&q=75&dpl=dpl_AocR8G927cD9b1EN7RTdG1PPiWAf,image/png,142615,47,Indexable,,
https://www.drantipov.com/_next/image?url=%2Fimages%2Fblog%2F2015-06-22%2Fbaltic-sea-group-photo-1e17f44d.jpg&w=3840&q=85&dpl=dpl_AocR8G927cD9b1EN7RTdG1PPiWAf,image/jpeg,131042,1,Indexable,,
https://www.drantipov.com/images/calculator/snap-in-denture.jpg?dpl=dpl_AocR8G927cD9b1EN7RTdG1PPiWAf,image/jpeg,117223,1,Indexable,,
https://www.drantipov.com/images/calculator/single-implant.jpg?dpl=dpl_AocR8G927cD9b1EN7RTdG1PPiWAf,image/jpeg,211703,1,Indexable,,
https://www.drantipov.com/_next/image?url=%2Fimages%2Fblog%2F2026-07-14%2Falternatives-to-dental-bridges.png&w=3840&q=75&dpl=dpl_AocR8G927cD9b1EN7RTdG1PPiWAf,image/png,336915,5,Indexable,,
https://www.drantipov.com/_next/image?url=%2Fimages%2Fblog%2F2026-06-22%2Ffailed-all-on-4-revision.png&w=3840&q=75&dpl=dpl_AocR8G927cD9b1EN7RTdG1PPiWAf,image/png,373117,10,Indexable,,
https://www.drantipov.com/_next/image?url=%2Fimages%2Fblog%2F2026-06-22%2Fimplant-revision-bone-loss.png&w=3840&q=75&dpl=dpl_AocR8G927cD9b1EN7RTdG1PPiWAf,image/png,410822,10,Indexable,,
https://www.drantipov.com/_next/image?url=%2Fimages%2Fblog%2F2026-06-22%2Fimplants-for-smokers.png&w=3840&q=75&dpl=dpl_AocR8G927cD9b1EN7RTdG1PPiWAf,image/png,427506,8,Indexable,,
https://www.drantipov.com/_next/image?url=%2Fimages%2Fblog%2F2026-07-27%2Fsingle-tooth-implant-cost-without-insurance.png&w=3840&q=75&dpl=dpl_AocR8G927cD9b1EN7RTdG1PPiWAf,image/png,422166,5,Indexable,,
https://www.drantipov.com/_next/image?url=%2Fimages%2Fblog%2F2026-07-27%2Fhow-to-fix-loose-dentures-permanently.png&w=3840&q=75&dpl=dpl_AocR8G927cD9b1EN7RTdG1PPiWAf,image/png,483106,5,Indexable,,
https://www.drantipov.com/_next/image?url=%2Fimages%2Fblog%2F2026-08-04%2Ffull-mouth-dental-implants-california.png&w=3840&q=75&dpl=dpl_AocR8G927cD9b1EN7RTdG1PPiWAf,image/png,517873,5,Indexable,,
https://www.drantipov.com/_next/image?url=%2Fimages%2Fblog%2F2026-06-22%2Fbroken-implant-crown.png&w=3840&q=75&dpl=dpl_AocR8G927cD9b1EN7RTdG1PPiWAf,image/png,427039,10,Indexable,,
https://www.drantipov.com/_next/image?url=%2Fimages%2Fblog%2F2026-07-13%2Fpermanent-teeth-implants.png&w=3840&q=75&dpl=dpl_AocR8G927cD9b1EN7RTdG1PPiWAf,image/png,519714,5,Indexable,,
https://www.drantipov.com/_next/image?url=%2Fimages%2Fblog%2F2026-07-14%2Ffull-mouth-dental-implants-cost-2026-guide.png&w=3840&q=75&dpl=dpl_AocR8G927cD9b1EN7RTdG1PPiWAf,image/png,368448,5,Indexable,,
https://www.drantipov.com/_next/image?url=%2Fimages%2Fblog%2F2026-07-07%2Fmissing-front-tooth-replacement.png&w=3840&q=75&dpl=dpl_AocR8G927cD9b1EN7RTdG1PPiWAf,image/png,416153,5,Indexable,,
https://www.drantipov.com/_next/image?url=%2Fimages%2Fblog%2F2026-08-04%2Faffordable-dental-implants-california.png&w=3840&q=75&dpl=dpl_AocR8G927cD9b1EN7RTdG1PPiWAf,image/png,451065,5,Indexable,,
https://www.drantipov.com/_next/image?url=%2Fimages%2Fblog%2F2026-07-21%2Fbefore-and-after-all-on-4-dental-implants.png&w=3840&q=75&dpl=dpl_AocR8G927cD9b1EN7RTdG1PPiWAf,image/png,353848,5,Indexable,,
https://www.drantipov.com/_next/image?url=%2Fimages%2Fblog%2F2026-06-19%2Fwhat-is-oral-surgeon.png&w=3840&q=75&dpl=dpl_AocR8G927cD9b1EN7RTdG1PPiWAf,image/png,466766,4,Indexable,,
https://www.drantipov.com/_next/image?url=%2Fimages%2Fblog%2F2026-06-22%2Fbite-problems-after-implants.png&w=3840&q=75&dpl=dpl_AocR8G927cD9b1EN7RTdG1PPiWAf,image/png,422208,10,Indexable,,
https://www.drantipov.com/_next/image?url=%2Fimages%2Fblog%2F2026-07-02%2Fclearchoice-alternatives-northern-california.png&w=3840&q=75&dpl=dpl_AocR8G927cD9b1EN7RTdG1PPiWAf,image/png,414458,5,Indexable,,
https://www.drantipov.com/_next/image?url=%2Fimages%2Fblog%2F2026-08-04%2Fsnap-in-dentures-california.png&w=3840&q=75&dpl=dpl_AocR8G927cD9b1EN7RTdG1PPiWAf,image/png,454783,5,Indexable,,
https://www.drantipov.com/_next/image?url=%2Fimages%2Fblog%2F2026-08-04%2Ftypes-of-permanent-dental-implants.png&w=3840&q=75&dpl=dpl_AocR8G927cD9b1EN7RTdG1PPiWAf,image/png,354349,5,Indexable,,
https://www.drantipov.com/_next/image?url=%2Fimages%2Fblog%2F2026-06-22%2Ffix-overbite-naturally.png&w=3840&q=75&dpl=dpl_AocR8G927cD9b1EN7RTdG1PPiWAf,image/png,239263,10,Indexable,,
https://www.drantipov.com/_next/image?url=%2Fimages%2Fblog%2F2026-07-14%2Fdenture-alternatives-that-work.png&w=3840&q=75&dpl=dpl_AocR8G927cD9b1EN7RTdG1PPiWAf,image/png,365867,5,Indexable,,
https://www.drantipov.com/_next/image?url=%2Fimages%2Fblog%2F2026-07-27%2Fdental-implant-recovery-time.png&w=3840&q=75&dpl=dpl_AocR8G927cD9b1EN7RTdG1PPiWAf,image/png,570334,5,Indexable,,
https://www.drantipov.com/_next/image?url=%2Fimages%2Fdrantipov.png&w=3840&q=75&dpl=dpl_AocR8G927cD9b1EN7RTdG1PPiWAf,image/png,273941,1,Indexable,,