Address,Occurrences,Meta Description 1,Meta Description 1 Length,Meta Description 1 Pixel Width,Indexability,Indexability Status
https://www.drantipov.com/locations/ca/galt,1,"Board-certified oral surgeon serving Galt, just 45 min from our Roseville office. Dental implants, jaw surgery, sleep apnea care, and free implant consultations.",161,967,Indexable,
https://www.drantipov.com/ru/for-patients/insights/zirconia-arches,1,"Циркониевые зубные дуги — золотой стандарт для имплантации всей челюсти. Как их изготавливают, почему они служат десятилетиями, сколько стоят и чем лучше акрила.",161,1150,Indexable,
https://www.drantipov.com/locations/ca/davis,1,"Board-certified oral surgeon serving Davis, just 40 min from our Roseville office. Dental implants, jaw surgery, sleep apnea care, and free implant consultations.",162,975,Indexable,
https://www.drantipov.com/ru/for-patients/insights/correcting-bite-problems-after-implant-work,1,"Неправильный прикус после имплантации вызывает боль, износ и неудачи. Разбираем, как диагностируют и исправляют нарушения окклюзии, чтобы импланты служили дольше.",162,1189,Indexable,
https://www.drantipov.com/locations/ca/rocklin,1,"Board-certified oral surgeon serving Rocklin, just 8 min from our Roseville office. Dental implants, jaw surgery, sleep apnea care, and free implant consultations.",163,978,Indexable,
https://www.drantipov.com/locations/ca/folsom,1,"Board-certified oral surgeon serving Folsom, just 20 min from our Roseville office. Dental implants, jaw surgery, sleep apnea care, and free implant consultations.",163,987,Indexable,
https://www.drantipov.com/locations/ca/auburn,1,"Board-certified oral surgeon serving Auburn, just 22 min from our Roseville office. Dental implants, jaw surgery, sleep apnea care, and free implant consultations.",163,987,Indexable,
https://www.drantipov.com/ru/jaw-surgery-recovery-timeline,1,Подробное руководство по восстановлению после ортогнатической операции — неделя за неделей. Что ждать с первых 24 часов до полной консолидации кости за 12 месяцев.,163,1163,Indexable,
https://www.drantipov.com/ru/for-patients/insights/tooth-lost-emotional-toll,1,"Разбираем психологические и эмоциональные последствия потери зуба, способы с ними справиться и то, как дентальные импланты возвращают уверенность и качество жизни.",163,1181,Indexable,
https://www.drantipov.com/locations/ca/vallejo,1,"Board-certified oral surgeon serving Vallejo, just 60 min from our Roseville office. Dental implants, jaw surgery, sleep apnea care, and free implant consultations.",164,982,Indexable,
https://www.drantipov.com/locations/ca/lincoln,1,"Board-certified oral surgeon serving Lincoln, just 15 min from our Roseville office. Dental implants, jaw surgery, sleep apnea care, and free implant consultations.",164,986,Indexable,
https://www.drantipov.com/ru/for-patients/insights/replacing-old-failing-bridges-with-implants,1,"Старые зубные мосты со временем выходят из строя. Разбираем, как изношенный мост заменяют на импланты, что включает процесс и почему импланты служат намного дольше.",164,1196,Indexable,
https://www.drantipov.com/ru/for-patients/insights/single-dental-implant-cost-northern-california,1,"Сколько на самом деле стоит один имплант из своего кармана в Северной Калифорнии — имплант, абатмент и коронка — плюс что добавляет к цене и как помогает рассрочка.",164,1166,Indexable,
https://www.drantipov.com/ru/for-patients/insights/dental-implants-for-seniors-age-limit,1,"Верхнего возрастного предела для имплантов нет. Узнайте, почему здоровье важнее возраста, и как пациенты в 70, 80 и старше успешно получают импланты на всю челюсть.",164,1159,Indexable,
https://www.drantipov.com/locations/ca/oroville,1,"Board-certified oral surgeon serving Oroville, just 55 min from our Roseville office. Dental implants, jaw surgery, sleep apnea care, and free implant consultations.",165,987,Indexable,
https://www.drantipov.com/locations/ca/woodland,1,"Board-certified oral surgeon serving Woodland, just 40 min from our Roseville office. Dental implants, jaw surgery, sleep apnea care, and free implant consultations.",165,1004,Indexable,
https://www.drantipov.com/locations/ca/antelope,1,"Board-certified oral surgeon serving Antelope, just 12 min from our Roseville office. Dental implants, jaw surgery, sleep apnea care, and free implant consultations.",165,996,Indexable,
https://www.drantipov.com/locations/ca/roseville,1,"Board-certified oral surgeon serving Roseville, just 5 min from our Roseville office. Dental implants, jaw surgery, sleep apnea care, and free implant consultations.",165,987,Indexable,
https://www.drantipov.com/ru/results,1,"Реальные преображения пациентов русскоговорящего челюстно-лицевого хирурга доктора Антипова, кейсы «до и после» и современная клиника в Roseville (район Сакраменто).",165,1179,Indexable,
https://www.drantipov.com/ru/for-dentists,1,"Сотрудничество со стоматологами: направления на сложные хирургические случаи, прозрачная коммуникация, обучающие материалы. Партнёрство с практикой доктора Антипова.",165,1210,Indexable,
https://www.drantipov.com/ru/for-patients/insights/dental-implants-for-smokers,1,"Курение снижает приживаемость имплантов, но не делает их невозможными. Узнайте, как курение влияет на заживление, насколько помогает отказ и что повышает ваши шансы.",165,1190,Indexable,
https://www.drantipov.com/locations/ca/elk-grove,1,"Board-certified oral surgeon serving Elk Grove, just 35 min from our Roseville office. Dental implants, jaw surgery, sleep apnea care, and free implant consultations.",166,999,Indexable,
https://www.drantipov.com/locations/ca/vacaville,1,"Board-certified oral surgeon serving Vacaville, just 45 min from our Roseville office. Dental implants, jaw surgery, sleep apnea care, and free implant consultations.",166,996,Indexable,
https://www.drantipov.com/locations/ca/fair-oaks,1,"Board-certified oral surgeon serving Fair Oaks, just 20 min from our Roseville office. Dental implants, jaw surgery, sleep apnea care, and free implant consultations.",166,1000,Indexable,
https://www.drantipov.com/locations/ca/fairfield,1,"Board-certified oral surgeon serving Fairfield, just 55 min from our Roseville office. Dental implants, jaw surgery, sleep apnea care, and free implant consultations.",166,991,Indexable,
https://www.drantipov.com/ru/all-on-4-cost,1,"Сколько реально стоят импланты All-on-4 в 2026: детальный разбор, факторы цены, варианты рассрочки, страховое покрытие. Челюстно-лицевой хирург в Северной Калифорнии.",166,1187,Indexable,
https://www.drantipov.com/ru/for-patients/insights/dental-implants-with-osteoporosis-and-autoimmune-conditions,1,"Остеопороз, аутоиммунные заболевания и их лекарства не закрывают путь к имплантам автоматически. Узнайте, как они влияют на заживление и как строится безопасный план.",166,1193,Indexable,
https://www.drantipov.com/locations/ca/orangevale,1,"Board-certified oral surgeon serving Orangevale, just 15 min from our Roseville office. Dental implants, jaw surgery, sleep apnea care, and free implant consultations.",167,1012,Indexable,
https://www.drantipov.com/locations/ca/sacramento,1,"Board-certified oral surgeon serving Sacramento, just 20 min from our Roseville office. Dental implants, jaw surgery, sleep apnea care, and free implant consultations.",167,1017,Indexable,
https://www.drantipov.com/locations/ca/carmichael,1,"Board-certified oral surgeon serving Carmichael, just 22 min from our Roseville office. Dental implants, jaw surgery, sleep apnea care, and free implant consultations.",167,1011,Indexable,
https://www.drantipov.com/ru/for-patients/pre-op,1,"Ключевые рекомендации по подготовке к челюстно-лицевой операции у доктора Антипова. Что делать до процедуры, что взять с собой и как подготовиться к успешной операции.",167,1190,Indexable,
https://www.drantipov.com/ru/expertise/tooth-extractions,1,"Хирургическое и простое удаление зубов в Roseville, CA. Ретенированные моляры и клыки, хирургическое раскрытие клыков для ортодонтии, седация для пациентов со страхом.",167,1175,Indexable,
https://www.drantipov.com/ru/locations,1,"Главный офис в Roseville, Калифорния. Принимаем пациентов из Сакраменто, района залива и десятков городов Северной Калифорнии. Имплантация, ортогнатика, эстетика лица.",167,1192,Indexable,
https://www.drantipov.com/ru/for-patients/insights/same-day-implants,1,"Импланты за один день и немедленная нагрузка — кому подходит, что вы получаете в день операции, чем временный протез отличается от постоянного и каковы реальные риски.",167,1189,Indexable,
https://www.drantipov.com/locations/ca/placerville,1,"Board-certified oral surgeon serving Placerville, just 40 min from our Roseville office. Dental implants, jaw surgery, sleep apnea care, and free implant consultations.",168,1003,Indexable,
https://www.drantipov.com/locations/ca/granite-bay,1,"Board-certified oral surgeon serving Granite Bay, just 10 min from our Roseville office. Dental implants, jaw surgery, sleep apnea care, and free implant consultations.",168,1014,Indexable,
https://www.drantipov.com/locations/ca/orinda,1,"Board-certified oral surgeon serving Orinda, just 1 hr 25 min from our Roseville office. Dental implants, jaw surgery, sleep apnea care, and free implant consultations.",168,1010,Indexable,
https://www.drantipov.com/ru/for-patients/insights/all-on-x-dental-implants-cost,1,"Что на самом деле означает All-on-X, как стоимость зависит от числа имплантов на челюсть — 4, 6 или 8, что входит в смету и как понять, что нужно именно в вашем случае.",168,1142,Indexable,
https://www.drantipov.com/locations/ca/arden-arcade,1,"Board-certified oral surgeon serving Arden-Arcade, just 22 min from our Roseville office. Dental implants, jaw surgery, sleep apnea care, and free implant consultations.",169,1026,Indexable,
https://www.drantipov.com/locations/ca/cameron-park,1,"Board-certified oral surgeon serving Cameron Park, just 35 min from our Roseville office. Dental implants, jaw surgery, sleep apnea care, and free implant consultations.",169,1030,Indexable,
https://www.drantipov.com/ru/for-patients/insights/dental-implants-after-tooth-extraction-timing-healing-and-options,1,"Импланты после удаления зуба: когда устанавливать, как на самом деле проходит заживление, сохранение кости и как выбрать самый надёжный план для долговечного результата.",169,1211,Indexable,
https://www.drantipov.com/ru/for-patients/insights/bone-grafting-for-dental-implants-explained,1,"Костная пластика для дентальных имплантов: кому нужна, виды трансплантатов, как проходит процедура, сроки заживления, риски и как это влияет на долгий успех имплантации.",169,1200,Indexable,
https://www.drantipov.com/ru/for-dentists/education/courses,1,"Освойте продвинутые методики имплантации на практических курсах доктора Антипова: реконструкция всей челюсти, костная пластика, сложная имплантология. Доступны баллы CE.",169,1229,Indexable,
https://www.drantipov.com/ru/for-patients/insights/repairing-a-broken-implant-crown-or-prosthesis,1,"Треснувшую коронку на импланте или мост на полную дугу обычно можно отремонтировать или заменить. Разбираем причины, варианты ремонта и как предотвратить будущие поломки.",170,1246,Indexable,
https://www.drantipov.com/locations/ca/rancho-cordova,1,"Board-certified oral surgeon serving Rancho Cordova, just 25 min from our Roseville office. Dental implants, jaw surgery, sleep apnea care, and free implant consultations.",171,1045,Indexable,
https://www.drantipov.com/locations/ca/citrus-heights,1,"Board-certified oral surgeon serving Citrus Heights, just 15 min from our Roseville office. Dental implants, jaw surgery, sleep apnea care, and free implant consultations.",171,1029,Indexable,
https://www.drantipov.com/ru/contact,1,"Запишитесь на бесплатную консультацию русскоговорящего челюстно-лицевого хирурга с 3D КТ. Roseville, CA (район Сакраменто). Звоните (916) 783-2110 или напишите нам онлайн.",171,1206,Indexable,
https://www.drantipov.com/ru/insurance,1,"Принимаем большинство PPO-страховок (Delta Dental, Cigna, Aetna, MetLife и др.). Партнёрство с CareCredit и Cherry для рассрочки. Прозрачные цены, бесплатные консультации.",171,1172,Indexable,
https://www.drantipov.com/ru/for-patients/insights/dental-implant-procedure-complete-guide,1,"Полный пошаговый гид по процедуре дентальной имплантации — от консультации и 3D-снимка до установки импланта, остеоинтеграции и финальной коронки, со сроками и стоимостью.",171,1238,Indexable,
https://www.drantipov.com/ru/for-patients/insights,1,"Экспертные статьи о дентальных имплантах, челюстно-лицевой хирургии и здоровье полости рта от доктора Александра Антипова. Помогаем принимать осознанные решения о лечении.",171,1238,Indexable,
https://www.drantipov.com/locations/ca/el-dorado-hills,1,"Board-certified oral surgeon serving El Dorado Hills, just 25 min from our Roseville office. Dental implants, jaw surgery, sleep apnea care, and free implant consultations.",172,1030,Indexable,
https://www.drantipov.com/locations/ca/west-sacramento,1,"Board-certified oral surgeon serving West Sacramento, just 30 min from our Roseville office. Dental implants, jaw surgery, sleep apnea care, and free implant consultations.",172,1051,Indexable,
https://www.drantipov.com/locations/ca/north-highlands,1,"Board-certified oral surgeon serving North Highlands, just 18 min from our Roseville office. Dental implants, jaw surgery, sleep apnea care, and free implant consultations.",172,1043,Indexable,
https://www.drantipov.com/ru/surgical-cases/corrective-jaw-surgery,1,"Случаи ортогнатической хирургии доктора Антипова: остеотомия Le Fort, BSSO, гениопластика, коррекция асимметрии лица. Реальные результаты пациентов в Roseville, Калифорния.",172,1214,Indexable,
https://www.drantipov.com/ru/for-patients/insights/second-opinion-on-failed-dental-implants,1,"Если ваши импланты не прижились или ощущаются неправильно, второе мнение поможет выявить настоящую причину. Разбираем, что включает консультация по ревизии и о чём спросить.",173,1265,Indexable,
https://www.drantipov.com/ru/for-patients/insights/redoing-dental-implants-done-abroad-recovery-plan,1,"Если импланты, поставленные за рубежом, не прижились, чёткий план восстановления поможет вернуть улыбку. Разбираем шаги по оценке, восстановлению и замене проблемной работы.",173,1252,Indexable,
https://www.drantipov.com/ru/surgical-cases/facial-cosmetic-surgery,1,"Ринопластика, блефаропластика, филлеры Juvederm, увеличение губ, бесшрамное удаление родинок, феминизация лица. Результаты пациентов доктора Антипова в Roseville, Калифорния.",174,1244,Indexable,
https://www.drantipov.com/ru/for-patients/insights/full-mouth-dental-implants-cost-process,1,"Полный гид по имплантам на всю челюсть в регионе Сакраменто — All-on-4, процесс шаг за шагом, диапазоны стоимости, кому подходит и от чего зависит успех. От доктора Антипова.",174,1213,Indexable,
https://www.drantipov.com/ru/for-patients/insights/can-dental-implants-get-cavities-or-gum-disease,1,"На имплантах не бывает кариеса, но может развиться периимплантит — заболевание дёсен вокруг импланта. Узнайте, что вызывает позднюю неудачу имплантации и как её предотвратить.",175,1258,Indexable,
https://www.drantipov.com/ru/media/videos,1,"Смотрите образовательные видео доктора Антипова, демонстрации операций и доклады с конференций по дентальной имплантации, хирургии челюстей и методикам челюстно-лицевой хирургии.",178,1299,Indexable,
https://www.drantipov.com/ru/surgical-cases/dental-implants,1,"Случаи имплантации зубов доктора Антипова: All-on-4, немедленная имплантация, восстановление всей челюсти. Новые зубы за один день — реальные результаты пациентов в Roseville, CA.",179,1255,Indexable,
https://www.drantipov.com/ru/for-patients/travel,1,"Полный гид для пациентов из других штатов и стран: аэропорты Сакраменто, рекомендованные отели, жильё на восстановление и как спланировать многодневное лечение у доктора Антипова.",179,1284,Indexable,
https://www.drantipov.com/ru/for-patients/insights/full-mouth-reconstruction-for-failed-dental-work,1,"Когда годы выходящих из строя коронок, мостов и зубов накапливаются, полная реконструкция зубов восстанавливает всё сразу. Разбираем, как планируют и восстанавливают сложные случаи.",181,1303,Indexable,
https://www.drantipov.com/ru/for-patients/insights/guided-dental-implant-surgery-how-3d-planning-improves-accuracy,1,"Что такое имплантация по навигационному шаблону: 3D-снимки CBCT, индивидуальные хирургические шаблоны, преимущества по точности и то, чего ждать в день операции с доктором Антиповым.",182,1318,Indexable,
https://www.drantipov.com/ru/for-patients/insights/dental-implants-with-severe-bone-loss-options,1,"Выраженная убыль кости челюсти редко закрывает путь к имплантам. Узнайте, как костная пластика, синус-лифтинг, короткие и скуловые импланты создают опору для долговечного результата.",182,1306,Indexable,
https://www.drantipov.com/ru/for-patients/post-op,1,"Ключевые рекомендации по послеоперационному уходу после челюстно-лицевой хирургии у доктора Антипова. Как справиться с болью, отёком, кровотечением и обеспечить правильное заживление.",183,1326,Indexable,
https://www.drantipov.com/ru/for-patients/insights/normal-healing-vs-infection-after-dental-implant-surgery,1,"Что нормально после имплантации — отёк, синяки и лёгкая боль — против тревожных признаков инфекции. Узнайте, когда пульсирующая боль или температура означают, что нужно звонить хирургу.",185,1328,Indexable,
https://www.drantipov.com/ru/for-patients/insights/zygomatic-implants-vs-bone-grafting-for-severe-bone-loss,1,"Сравниваем скуловые импланты и костную пластику при выраженной убыли кости челюсти — сроки, восстановление, стоимость, процент успеха и кому что подходит. Доктор Антипов, Roseville, CA.",185,1308,Indexable,
https://www.drantipov.com/ru/expertise/implant-rescue,1,"Спасение и переустановка неудачных дентальных имплантов в Roseville, CA — включая импланты, поставленные за границей. Доктор Антипов восстанавливает кость и возвращает фиксированные зубы.",187,1351,Indexable,
https://www.drantipov.com/ru/expertise/tmj,1,"Боль в челюсти, щелчки и блокировка ВНЧС — лечение у сертифицированного челюстно-лицевого хирурга с 25-летним опытом. Сначала консервативная терапия, операция — только когда без неё никак.",188,1346,Indexable,
https://www.drantipov.com/ru/for-dentists/referral-partners,1,"Партнёрство с доктором Антиповым по направлениям на хирургию: прозрачная коммуникация, внимательный уход за пациентом и совместное планирование лечения. Для стоматологов Северной Калифорнии.",190,1398,Indexable,
https://www.drantipov.com/ru/for-patients/insights/zygomatic-implants,1,"Скуловые импланты при тяжёлой убыли кости верхней челюсти. Когда классические импланты невозможны, как проходит операция, кому подходит, сроки и стоимость у доктора Антипова в Roseville, CA.",190,1350,Indexable,
https://www.drantipov.com/ru/for-patients/insights/fixing-a-failed-all-on-4-revision-options,1,"Когда полная дуга All-on-4 не приживается или ощущается неправильно, это, как правило, можно исправить. Разбираем варианты ревизии — от нового протеза до замены имплантов и костной пластики.",190,1348,Indexable,
https://www.drantipov.com/ru/for-patients/insights/hybrid-dentures-vs-fixed-implant-bridges,1,"Выбираете восстановление всей челюсти? Сравните гибридные протезы на имплантах и несъёмные мосты на имплантах по ощущениям, стоимости, уходу и сроку службы — с доктором Антиповым в Roseville.",191,1376,Indexable,
https://www.drantipov.com/ru/for-dentists/refer-patients,1,"Направляйте пациентов к доктору Антипову на сложную хирургию: имплантация всей челюсти, ортогнатика, костная пластика, скуловые импланты. Простой процесс направления и подробные отчёты обратно.",193,1396,Indexable,
https://www.drantipov.com/ru/for-patients/insights/titanium-vs-zirconia-dental-implants,1,"Сравните титановые импланты и импланты из диоксида циркония по прочности, долговечности, эстетике и стоимости. Узнайте, какой материал подходит вашему случаю и почему титан остаётся стандартом.",193,1384,Indexable,
https://www.drantipov.com/ru/for-patients/insights/how-to-fix-an-overbite-treatment-options-and-cost,1,"Как исправить глубокий прикус? Сертифицированный челюстно-лицевой хирург разбирает все варианты — элайнеры, брекеты и операцию на челюсти — для детей и взрослых, с реальными сроками и стоимостью.",195,1413,Indexable,
https://www.drantipov.com/ru/for-patients/insights/sedation-options-dental-implant-surgery,1,"Сравниваем варианты седации при имплантации зубов — местная анестезия, седация в таблетках, внутривенная седация и общий наркоз. Подберите комфортный уровень с доктором Антиповым в Roseville, CA.",195,1394,Indexable,
https://www.drantipov.com/ru/for-patients/insights/implant-revision-after-bone-loss,1,"Убыль кости способна погубить имплант, но кость можно восстановить. Разбираем, как специалисты наращивают, регенерируют и заново устанавливают импланты на участках, потерявших кость после неудачи.",196,1415,Indexable,
https://www.drantipov.com/ru/for-patients/insights/replacing-a-failed-dental-implant-what-to-expect,1,"Несостоятельный имплант почти всегда можно заменить. Разбираем, как проходят удаление, заживление, восстановление кости и установка нового импланта — и что делает повторную операцию успешной на годы.",199,1431,Indexable,
https://www.drantipov.com/ru/expertise,1,"Русскоговорящий челюстно-лицевой хирург в Roseville, CA (район Сакраменто): импланты на полную челюсть (All-on-4), челюстная хирургия, апноэ сна, костная пластика, одиночные импланты, удаление родинок.",201,1406,Indexable,
https://www.drantipov.com/ru/all-on-4-clearchoice-alternative,1,"Сравните варианты All-on-4 в Северной Калифорнии: независимый сертифицированный челюстно-лицевой хирург против корпоративных стоматологических сетей. Прозрачность цен, опыт хирурга и философия лечения.",201,1458,Indexable,
https://www.drantipov.com/ru/for-patients/insights/all-on-4-vs-all-on-6,1,"All-on-4 и All-on-6 простыми словами — количество имплантов, требования к кости, стоимость, восстановление и стабильность. Помогаем выбрать оптимальный вариант полной челюсти у доктора Антипова в Розвилле.",205,1453,Indexable,
https://www.drantipov.com/ru/insurance/aetna,1,"Как стоматологическая страховка Aetna применяется к зубным имплантам, челюстно-лицевой и ортогнатической хирургии у доктора Антипова. Внесетевое покрытие, предварительное согласование и помощь с возмещением.",207,1501,Indexable,
https://www.drantipov.com/ru/for-patients/insights/zygomatic-dental-implants-when-traditional-implants-not-possible,1,"Скуловые дентальные импланты при выраженной убыли кости верхней челюсти. Когда традиционные импланты невозможны, как скуловая кость удерживает несъёмное решение, показания, риски и восстановление. Доктор Антипов.",212,1556,Indexable,
https://www.drantipov.com/ru/insurance/delta-dental,1,"Как стоматологическая страховка Delta Dental применяется к зубным имплантам, челюстно-лицевой и ортогнатической хирургии у доктора Антипова. Внесетевое покрытие, предварительное согласование и помощь с возмещением.",214,1539,Indexable,
https://www.drantipov.com/ru/surgical-cases,1,"Реальные результаты пациентов русскоговорящего хирурга доктора Антипова (Roseville, район Сакраменто): ортогнатическая хирургия, имплантация зубов и эстетическая хирургия лица. Фото до и после, разбор каждого случая.",216,1523,Indexable,
https://www.drantipov.com/ru/smile-again-foundation,1,"Smile Again Foundation основан доктором Александром Антиповым в 2025 году. Некоммерческая организация, которая бесплатно проводит восстановительное стоматологическое лечение нуждающимся пациентам в Северной Калифорнии.",218,1596,Indexable,
https://www.drantipov.com/ru/insurance/anthem-blue-cross,1,"Как стоматологическая страховка Anthem Blue Cross применяется к зубным имплантам, челюстно-лицевой и ортогнатической хирургии у доктора Антипова. Внесетевое покрытие, предварительное согласование и помощь с возмещением.",219,1582,Indexable,
https://www.drantipov.com/ru/for-patients/insights/understanding-sinus-lift-for-dental-implants,1,"Синус-лифтинг (синус-аугментация) наращивает кость в верхней челюсти, чтобы импланты можно было установить надёжно. Когда он нужен, как проходит, восстановление и стоимость — с доктором Антиповым в Roseville, Калифорния.",220,1568,Indexable,
https://www.drantipov.com/ru,1,"Русскоговорящий сертифицированный челюстно-лицевой хирург в Roseville, California (район Сакраменто). Импланты в день операции (All-on-4, All-on-6, скуловые), ортогнатика, лечение апноэ сна, костная пластика. 25+ лет опыта.",223,1524,Indexable,
https://www.drantipov.com/ru/for-patients/insights/severe-overbite-when-jaw-surgery-is-needed,1,"Большинство глубоких прикусов исправляют брекетами, но при тяжёлом скелетном прикусе нужна хирургия челюсти. Когда требуется ортогнатическая операция, как она проходит, восстановление и стоимость — рассказывает доктор Антипов.",226,1624,Indexable,
https://www.drantipov.com/ru/locations/ca/galt,1,"Сертифицированный челюстно-лицевой хирург принимает пациентов из Galt. Всего 45 min от клиники в Roseville. Зубные импланты, ортогнатическая хирургия, апноэ сна (MMA), эстетическая хирургия лица. Бесплатная консультация с 3D КТ.",228,1599,Indexable,
https://www.drantipov.com/ru/for-patients/insights/can-you-fix-an-overbite-naturally,1,"Можно ли исправить глубокий прикус естественным путём? Челюстно-лицевой хирург объясняет, что работает (и какие мифы есть), почему у «естественной» коррекции есть пределы и как глубокий прикус исправляют у взрослых на самом деле.",229,1626,Indexable,
https://www.drantipov.com/ru/locations/ca/davis,1,"Сертифицированный челюстно-лицевой хирург принимает пациентов из Davis. Всего 40 min от клиники в Roseville. Зубные импланты, ортогнатическая хирургия, апноэ сна (MMA), эстетическая хирургия лица. Бесплатная консультация с 3D КТ.",229,1607,Indexable,
https://www.drantipov.com/ru/locations/ca/loomis,1,"Сертифицированный челюстно-лицевой хирург принимает пациентов из Loomis. Всего 12 min от клиники в Roseville. Зубные импланты, ортогнатическая хирургия, апноэ сна (MMA), эстетическая хирургия лица. Бесплатная консультация с 3D КТ.",230,1619,Indexable,
https://www.drantipov.com/ru/locations/ca/auburn,1,"Сертифицированный челюстно-лицевой хирург принимает пациентов из Auburn. Всего 22 min от клиники в Roseville. Зубные импланты, ортогнатическая хирургия, апноэ сна (MMA), эстетическая хирургия лица. Бесплатная консультация с 3D КТ.",230,1619,Indexable,
https://www.drantipov.com/ru/locations/ca/rocklin,1,"Сертифицированный челюстно-лицевой хирург принимает пациентов из Rocklin. Всего 8 min от клиники в Roseville. Зубные импланты, ортогнатическая хирургия, апноэ сна (MMA), эстетическая хирургия лица. Бесплатная консультация с 3D КТ.",230,1610,Indexable,
https://www.drantipov.com/ru/locations/ca/folsom,1,"Сертифицированный челюстно-лицевой хирург принимает пациентов из Folsom. Всего 20 min от клиники в Roseville. Зубные импланты, ортогнатическая хирургия, апноэ сна (MMA), эстетическая хирургия лица. Бесплатная консультация с 3D КТ.",230,1619,Indexable,
https://www.drantipov.com/ru/locations/ca/lincoln,1,"Сертифицированный челюстно-лицевой хирург принимает пациентов из Lincoln. Всего 15 min от клиники в Roseville. Зубные импланты, ортогнатическая хирургия, апноэ сна (MMA), эстетическая хирургия лица. Бесплатная консультация с 3D КТ.",231,1618,Indexable,
https://www.drantipov.com/ru/locations/ca/vallejo,1,"Сертифицированный челюстно-лицевой хирург принимает пациентов из Vallejo. Всего 60 min от клиники в Roseville. Зубные импланты, ортогнатическая хирургия, апноэ сна (MMA), эстетическая хирургия лица. Бесплатная консультация с 3D КТ.",231,1614,Indexable,
https://www.drantipov.com/ru/locations/ca/oroville,1,"Сертифицированный челюстно-лицевой хирург принимает пациентов из Oroville. Всего 55 min от клиники в Roseville. Зубные импланты, ортогнатическая хирургия, апноэ сна (MMA), эстетическая хирургия лица. Бесплатная консультация с 3D КТ.",232,1619,Indexable,
https://www.drantipov.com/ru/locations/ca/antelope,1,"Сертифицированный челюстно-лицевой хирург принимает пациентов из Antelope. Всего 12 min от клиники в Roseville. Зубные импланты, ортогнатическая хирургия, апноэ сна (MMA), эстетическая хирургия лица. Бесплатная консультация с 3D КТ.",232,1628,Indexable,
https://www.drantipov.com/ru/locations/ca/roseville,1,"Сертифицированный челюстно-лицевой хирург принимает пациентов из Roseville. Всего 5 min от клиники в Roseville. Зубные импланты, ортогнатическая хирургия, апноэ сна (MMA), эстетическая хирургия лица. Бесплатная консультация с 3D КТ.",232,1619,Indexable,
https://www.drantipov.com/ru/locations/ca/woodland,1,"Сертифицированный челюстно-лицевой хирург принимает пациентов из Woodland. Всего 40 min от клиники в Roseville. Зубные импланты, ортогнатическая хирургия, апноэ сна (MMA), эстетическая хирургия лица. Бесплатная консультация с 3D КТ.",232,1636,Indexable,
https://www.drantipov.com/for-dentists/referring-doctors,1,"Resources for referring doctors: secure online referral form, printable referral PDF, Sacramento Study Club information, and professional links. Partnering with you to provide exceptional oral and maxillofacial care in Roseville, CA.",233,1400,Indexable,
https://www.drantipov.com/ru/locations/ca/fairfield,1,"Сертифицированный челюстно-лицевой хирург принимает пациентов из Fairfield. Всего 55 min от клиники в Roseville. Зубные импланты, ортогнатическая хирургия, апноэ сна (MMA), эстетическая хирургия лица. Бесплатная консультация с 3D КТ.",233,1623,Indexable,
https://www.drantipov.com/ru/locations/ca/vacaville,1,"Сертифицированный челюстно-лицевой хирург принимает пациентов из Vacaville. Всего 45 min от клиники в Roseville. Зубные импланты, ортогнатическая хирургия, апноэ сна (MMA), эстетическая хирургия лица. Бесплатная консультация с 3D КТ.",233,1628,Indexable,
https://www.drantipov.com/ru/locations/ca/fair-oaks,1,"Сертифицированный челюстно-лицевой хирург принимает пациентов из Fair Oaks. Всего 20 min от клиники в Roseville. Зубные импланты, ортогнатическая хирургия, апноэ сна (MMA), эстетическая хирургия лица. Бесплатная консультация с 3D КТ.",233,1632,Indexable,
https://www.drantipov.com/ru/locations/ca/elk-grove,1,"Сертифицированный челюстно-лицевой хирург принимает пациентов из Elk Grove. Всего 35 min от клиники в Roseville. Зубные импланты, ортогнатическая хирургия, апноэ сна (MMA), эстетическая хирургия лица. Бесплатная консультация с 3D КТ.",233,1631,Indexable,
https://www.drantipov.com/for-patients/insights/fixed-dentures-on-implants,1,"Fixed dentures on implants explained by a board-certified oral surgeon in Roseville, CA: how 4–6 posts anchor a non-removable full-arch bridge, fixed vs. snap-in trade-offs, same-day teeth expectations, materials, costs, and recovery.",234,1427,Indexable,
https://www.drantipov.com/ru/locations/ca/sacramento,1,"Сертифицированный челюстно-лицевой хирург принимает пациентов из Sacramento. Всего 20 min от клиники в Roseville. Зубные импланты, ортогнатическая хирургия, апноэ сна (MMA), эстетическая хирургия лица. Бесплатная консультация с 3D КТ.",234,1649,Indexable,
https://www.drantipov.com/ru/locations/ca/orangevale,1,"Сертифицированный челюстно-лицевой хирург принимает пациентов из Orangevale. Всего 15 min от клиники в Roseville. Зубные импланты, ортогнатическая хирургия, апноэ сна (MMA), эстетическая хирургия лица. Бесплатная консультация с 3D КТ.",234,1644,Indexable,
https://www.drantipov.com/ru/locations/ca/carmichael,1,"Сертифицированный челюстно-лицевой хирург принимает пациентов из Carmichael. Всего 22 min от клиники в Roseville. Зубные импланты, ортогнатическая хирургия, апноэ сна (MMA), эстетическая хирургия лица. Бесплатная консультация с 3D КТ.",234,1643,Indexable,
https://www.drantipov.com/ru/locations/ca/placerville,1,"Сертифицированный челюстно-лицевой хирург принимает пациентов из Placerville. Всего 40 min от клиники в Roseville. Зубные импланты, ортогнатическая хирургия, апноэ сна (MMA), эстетическая хирургия лица. Бесплатная консультация с 3D КТ.",235,1635,Indexable,
https://www.drantipov.com/ru/locations/ca/orinda,1,"Сертифицированный челюстно-лицевой хирург принимает пациентов из Orinda. Всего 1 hr 25 min от клиники в Roseville. Зубные импланты, ортогнатическая хирургия, апноэ сна (MMA), эстетическая хирургия лица. Бесплатная консультация с 3D КТ.",235,1642,Indexable,
https://www.drantipov.com/ru/locations/ca/granite-bay,1,"Сертифицированный челюстно-лицевой хирург принимает пациентов из Granite Bay. Всего 10 min от клиники в Roseville. Зубные импланты, ортогнатическая хирургия, апноэ сна (MMA), эстетическая хирургия лица. Бесплатная консультация с 3D КТ.",235,1646,Indexable,
https://www.drantipov.com/ru/locations/ca/cameron-park,1,"Сертифицированный челюстно-лицевой хирург принимает пациентов из Cameron Park. Всего 35 min от клиники в Roseville. Зубные импланты, ортогнатическая хирургия, апноэ сна (MMA), эстетическая хирургия лица. Бесплатная консультация с 3D КТ.",236,1662,Indexable,
https://www.drantipov.com/ru/locations/ca/arden-arcade,1,"Сертифицированный челюстно-лицевой хирург принимает пациентов из Arden-Arcade. Всего 22 min от клиники в Roseville. Зубные импланты, ортогнатическая хирургия, апноэ сна (MMA), эстетическая хирургия лица. Бесплатная консультация с 3D КТ.",236,1658,Indexable,
https://www.drantipov.com/ru/locations/ca/rancho-cordova,1,"Сертифицированный челюстно-лицевой хирург принимает пациентов из Rancho Cordova. Всего 25 min от клиники в Roseville. Зубные импланты, ортогнатическая хирургия, апноэ сна (MMA), эстетическая хирургия лица. Бесплатная консультация с 3D КТ.",238,1677,Indexable,
https://www.drantipov.com/ru/locations/ca/citrus-heights,1,"Сертифицированный челюстно-лицевой хирург принимает пациентов из Citrus Heights. Всего 15 min от клиники в Roseville. Зубные импланты, ортогнатическая хирургия, апноэ сна (MMA), эстетическая хирургия лица. Бесплатная консультация с 3D КТ.",238,1661,Indexable,
https://www.drantipov.com/ru/locations/ca/west-sacramento,1,"Сертифицированный челюстно-лицевой хирург принимает пациентов из West Sacramento. Всего 30 min от клиники в Roseville. Зубные импланты, ортогнатическая хирургия, апноэ сна (MMA), эстетическая хирургия лица. Бесплатная консультация с 3D КТ.",239,1683,Indexable,
https://www.drantipov.com/ru/locations/ca/north-highlands,1,"Сертифицированный челюстно-лицевой хирург принимает пациентов из North Highlands. Всего 18 min от клиники в Roseville. Зубные импланты, ортогнатическая хирургия, апноэ сна (MMA), эстетическая хирургия лица. Бесплатная консультация с 3D КТ.",239,1675,Indexable,
https://www.drantipov.com/ru/locations/ca/el-dorado-hills,1,"Сертифицированный челюстно-лицевой хирург принимает пациентов из El Dorado Hills. Всего 25 min от клиники в Roseville. Зубные импланты, ортогнатическая хирургия, апноэ сна (MMA), эстетическая хирургия лица. Бесплатная консультация с 3D КТ.",239,1662,Indexable,
https://www.drantipov.com/for-patients/insights/dental-implant-revision-surgery,1,"What is dental implant revision surgery? A board-certified oral surgeon in Roseville, CA explains why implants fail, how 3D CBCT diagnostics guide the fix, revision techniques from rescue cleaning to zygomatic implants, recovery, and costs.",240,1462,Indexable,
https://www.drantipov.com/for-patients/insights/implant-supported-dentures-vs-traditional-dentures,1,"Implant-supported vs. traditional dentures compared by a board-certified oral surgeon in Roseville, CA: stability, eating and speech, bone preservation, facial structure, lifetime costs, snap-in vs. fixed options, and how the transition works.",243,1454,Indexable,
https://www.drantipov.com/for-patients/insights/full-fixed-arch-implant-cost,1,"What does a full fixed arch implant really cost in 2026? Board-certified Roseville oral surgeon Dr. Antipov breaks down the line items behind a $25,000–$35,000 per-arch quote, the variables that move the price, and the hidden fees to watch for.",244,1488,Indexable,
https://www.drantipov.com/for-patients/insights/dental-implants-for-missing-back-teeth,1,"Why missing molars matter even when nobody sees the gap — a board-certified oral surgeon in Roseville, CA explains bite collapse, bone loss, implants vs. bridges vs. partials for back teeth, sinus lifts, wide-diameter posts, costs, and recovery.",245,1480,Indexable,
https://www.drantipov.com/for-patients/insights/board-certified-dental-implant-surgeon-california,1,"How to verify and choose a board-certified dental implant surgeon in California: what ABOMS certification actually requires, oral surgeon vs. general dentist training, the risks of bargain implants, and the questions to ask at your consultation.",245,1479,Indexable,
https://www.drantipov.com/for-patients/insights/types-of-permanent-dental-implants,1,"Single-tooth implants, implant bridges, snap-in overdentures, fixed full-arch, and zygomatic implants compared by board-certified Roseville oral surgeon Dr. Antipov — which type fits which situation, what each costs, and how candidacy is decided.",246,1512,Indexable,
https://www.drantipov.com/ru/locations/ca,1,"Сертифицированный челюстно-лицевой хирург принимает пациентов из 29+ населённых пунктов штата California в клинике в Roseville: зубные импланты, ортогнатическая хирургия, апноэ сна (MMA) и эстетическая хирургия лица. Бесплатная консультация с 3D КТ.",249,1752,Indexable,
https://www.drantipov.com/for-patients/insights/benefits-of-all-on-4-dental-implants,1,"What are the benefits of All-on-4 dental implants? A board-certified oral surgeon in Roseville, CA breaks down the structural, functional, and lifestyle benefits — bone preservation, near-natural bite force, same-day teeth — plus a candidacy checklist.",252,1515,Indexable,
https://www.drantipov.com/for-patients/insights/single-tooth-implant-process-timeline,1,"The single tooth implant process explained step by step by a board-certified oral surgeon in Roseville, CA: 3D consultation, computer-guided placement, the osseointegration months, crown delivery, titanium vs. zirconia, and realistic recovery timelines.",253,1534,Indexable,
https://www.drantipov.com/for-patients/insights/how-bone-loss-affects-dental-implants,1,"How does jawbone loss affect dental implant candidacy? Board-certified Roseville oral surgeon Dr. Antipov explains resorption, why implant stability depends on bone density, how dentures accelerate the problem, and the techniques that keep most patients treatable.",264,1641,Indexable,
https://www.drantipov.com/for-patients/insights/dental-implants-el-dorado-hills,1,"Considering dental implants in El Dorado Hills? A board-certified oral surgeon 25 minutes away in Roseville, CA explains osseointegration — the bone-to-implant fusion that decides implant success — plus All-on-4, surgical precision, and what elite care should cost.",265,1611,Indexable,
https://www.drantipov.com/for-patients/insights/dental-implant-recovery-time,1,"How long does dental implant recovery take? A board-certified oral surgeon in Roseville, CA maps the full timeline — the critical first 72 hours, week-by-week soft tissue healing, the 3–6 month osseointegration phase, and how single implant recovery differs from All-on-4.",272,1651,Indexable,
https://www.drantipov.com/for-patients/insights/all-on-4-dental-implants-san-francisco,1,"Considering All-on-4 dental implants in San Francisco? Many Bay Area patients travel to board-certified oral surgeon Dr. Antipov in Roseville for full-arch restoration — with same-day teeth for qualifying patients. How it works, realistic costs, and what the trip involves.",273,1635,Indexable,
https://www.drantipov.com/for-patients/insights/same-day-teeth-roseville-ca,1,"Same day teeth in Roseville, CA explained by a board-certified oral surgeon: how immediate load implants let you leave with a fixed, functional smile in one visit, who qualifies, what All-on-4 does for bone loss, realistic costs, financing, and the temporary-to-zirconia timeline.",280,1663,Indexable,
https://www.drantipov.com/for-patients/insights/single-tooth-implant-cost-without-insurance,1,"What does a single tooth implant cost without insurance in 2026? A board-certified oral surgeon in Roseville, CA breaks down the $4,000–$6,000 Sacramento-area range, the three components every quote must include, self-pay strategies, financing, and the questions that expose hidden fees.",287,1794,Indexable,
https://www.drantipov.com/for-patients/insights/dental-implant-payment-plans,1,"Dental implant payment plans explained by a board-certified oral surgeon in Roseville, CA: healthcare credit lines vs. fixed-term installment loans, the deferred-interest trap, stacking insurance with 2026 HSA/FSA limits, soft-pull pre-qualification, and what to do if financing is denied.",289,1723,Indexable,
https://www.drantipov.com/for-patients/insights/how-much-do-dental-implants-cost,1,"How much do dental implants cost in 2026? A board-certified oral surgeon in Roseville, CA breaks down the three-part pricing structure, California's regional numbers, preparatory procedures, single tooth vs. full-arch math, and how financing and a price-match guarantee make specialist care affordable.",302,1861,Indexable,
https://www.drantipov.com/for-patients/insights/full-mouth-dental-implants-california,1,"Full mouth dental implants in California explained by a board-certified oral surgeon in Roseville: how full-arch restoration beats dentures on bone preservation and chewing power, All-on-4 vs. All-on-6, zirconia vs. acrylic bridges, honest 2026 California pricing, financing, and the surgical journey step by step.",314,1876,Indexable,
https://www.drantipov.com/for-patients/insights/affordable-dental-implants-california,1,"Affordable dental implants in California explained by a board-certified oral surgeon in Roseville: why the Sacramento region beats coastal pricing, the real risk behind bargain clinics, single tooth vs. All-on-4 vs. snap-in value math, financing with 0% APR windows, HSA/FSA strategies, and a price-match guarantee.",315,1915,Indexable,
https://www.drantipov.com/for-patients/insights/snap-in-dentures-california,1,"Snap-in dentures in California explained by a board-certified oral surgeon in Roseville: how implant-supported overdentures lock in place without adhesives, restore 60–80% of chewing power, preserve the jawbone, how they compare to traditional dentures and All-on-4, and what the journey from 3D imaging to secure smile looks like.",331,2044,Indexable,
https://www.drantipov.com/ru/our-team,1,"Знакомьтесь с хирургической командой Galleria Oral & Facial Surgery в Розвилле, Калифорния: доктор Александр В. Антипов, DDS (основатель, board-certified OMS, более 25 лет опыта) и доктор Андре-Давид Кахвач, DDS, MD. Образование в Albert Einstein, Loma Linda, UCSF, МГМСУ. Пять госпитальных привилегий, шесть профессиональных членств, основатель фонда Smile Again Foundation.",375,2570,Indexable,