Keyword,Intents,Volume,Keyword Difficulty,CPC,Competition Density,drantipov.com,Fusiondentalimplants.com,ora4x.com,drantipov.com (pages),Fusiondentalimplants.com (pages),ora4x.com (pages),Results
how to get financing for dental implants,Informational,30,14,9.76,0.72,0,75,52,,https://fusiondentalimplants.com/dental-implants/financing-options,https://www.ora4x.com/faqs/cost-of-dental-implants/implant-financing-and-insurance/,4080000
how to fix a over bite,Informational,50,0,1.97,0.21,0,55,18,,https://fusiondentalimplants.com/blog/how-to-fix-an-overbite-treatment-options-and-cost,https://www.ora4x.com/blog/how-to-fix-overbite/,3250000
how do you fix an overbite,Informational,390,0,0.00,0.00,0,95,9,,https://fusiondentalimplants.com/blog/how-to-fix-an-overbite-treatment-options-and-cost,https://www.ora4x.com/blog/how-to-fix-overbite/,3140000
how can you fix an overbite,Informational,260,7,1.97,0.21,0,84,15,,https://fusiondentalimplants.com/blog/how-to-fix-an-overbite-treatment-options-and-cost,https://www.ora4x.com/blog/how-to-fix-overbite/,2790000
how to fix overbite without surgery,Informational,50,6,1.17,0.15,0,87,8,,https://fusiondentalimplants.com/blog/how-to-fix-an-overbite-treatment-options-and-cost,https://www.ora4x.com/blog/how-to-fix-overbite/,2230000
fixing jaw overbite,Informational,50,0,0.00,0.18,0,51,24,,https://fusiondentalimplants.com/blog/how-to-fix-an-overbite-treatment-options-and-cost,https://www.ora4x.com/blog/how-to-fix-overbite/,1880000
how to naturally fix overbite,Informational,390,2,1.25,0.15,0,60,24,,https://fusiondentalimplants.com/blog/how-to-fix-an-overbite-treatment-options-and-cost,https://www.ora4x.com/blog/how-to-fix-overbite/,1540000
general dental implants rose hill,Informational,50,6,0.00,0.00,0,49,86,,https://fusiondentalimplants.com/,https://www.ora4x.com/locations/roseville-dental-implants/,1290000
fixing overbite as an adult,Informational,30,4,2.66,0.50,0,55,57,,https://fusiondentalimplants.com/blog/how-to-fix-an-overbite-treatment-options-and-cost,https://www.ora4x.com/blog/how-to-fix-overbite/,1090000
dental implants in sacramento,Commercial,110,43,14.75,0.52,0,40,2,,https://fusiondentalimplants.com/locations/ca/sacramento,https://www.ora4x.com/,859000
implant restoration lincoln,Informational,40,6,0.00,0.00,0,53,54,,https://fusiondentalimplants.com/dental-implants-lincoln,https://www.ora4x.com/areas-served/lincoln-ca/,843000
sacramento dental implant cost,Informational,30,1,11.18,0.60,0,52,6,,https://fusiondentalimplants.com/dental-implant-cost-roseville,https://www.ora4x.com/faqs/cost-of-dental-implants/,776000
affordable dental implants sacramento,Informational,140,13,21.40,0.11,0,52,44,,https://fusiondentalimplants.com/services/dental-implants/simple-implants,https://www.ora4x.com/,697000
how to fix a slight overbite,Informational,30,0,2.09,0.25,0,80,3,,https://fusiondentalimplants.com/blog/how-to-fix-an-overbite-treatment-options-and-cost,https://www.ora4x.com/blog/how-to-fix-overbite/,575000
sinus lift elk grove,Informational,40,0,0.00,0.00,0,16,29,,https://fusiondentalimplants.com/locations/ca/elk-grove,https://www.ora4x.com/locations/elk-grove-dental-implants/,536000
quick overbite correction solutions,Informational,50,2,0.00,0.00,0,49,6,,https://fusiondentalimplants.com/blog/how-to-fix-an-overbite-treatment-options-and-cost,https://www.ora4x.com/blog/how-to-fix-overbite/,357000
all on 4 dental implants cost riverside,Informational,70,0,0.00,0.00,0,37,17,,https://fusiondentalimplants.com/all-on-4-dental-implants/cost,https://www.ora4x.com/faqs/cost-of-dental-implants/,329000
oral surgery folsom ca,Navigational,70,16,0.00,0.00,0,30,28,,https://fusiondentalimplants.com/locations/ca/folsom,https://www.ora4x.com/areas-served/folsom-ca/,303000
same day dental implants lakeside ca,Commercial,40,0,0.00,0.00,0,28,81,,https://fusiondentalimplants.com/same-day-dental-implants,https://www.ora4x.com/areas-served/dixon-ca/,277000
full mouth dental implants fairfield,Commercial,40,0,0.00,0.00,0,10,12,,https://fusiondentalimplants.com/locations/ca/fairfield,https://www.ora4x.com/areas-served/fairfield-ca/,260000
dental implants fairfield,Commercial,210,12,9.62,0.05,0,22,18,,https://fusiondentalimplants.com/dental-implants-fairfield,https://www.ora4x.com/areas-served/fairfield-ca/,238000
dental implants elk grove village,Commercial,260,0,0.00,0.03,0,39,6,,https://fusiondentalimplants.com/dental-implants-elk-grove,https://www.ora4x.com/,212000
dental implants in elk grove village,Informational,390,0,0.00,0.00,0,47,2,,https://fusiondentalimplants.com/dental-implants-elk-grove,https://www.ora4x.com/,212000
denture implants el dorado hills ca,Commercial,40,0,0.00,0.00,0,6,15,,https://fusiondentalimplants.com/,https://www.ora4x.com/areas-served/el-dorado-hills-ca/,168000
stockton dental implants cost,Informational,50,0,17.43,0.82,0,12,19,,https://fusiondentalimplants.com/dental-implants-stockton,https://www.ora4x.com/areas-served/stockton-ca/,160000
dental implants in roseville ca,Commercial,40,11,16.88,0.25,0,43,2,,https://fusiondentalimplants.com/dental-implants-roseville,https://www.ora4x.com/locations/roseville-dental-implants/,159000
wisdom teeth roseville ca,Commercial,70,7,0.00,0.00,0,80,82,,https://fusiondentalimplants.com/dental-implants-roseville,https://www.ora4x.com/locations/roseville-dental-implants/,114000
dental implants cost roseville,Informational,50,0,0.00,0.00,0,2,10,,https://fusiondentalimplants.com/dental-implant-cost-roseville,https://www.ora4x.com/locations/roseville-dental-implants/,106000
implant restorations elk grove village,Informational,170,0,0.00,0.00,0,35,16,,https://fusiondentalimplants.com/dental-implants-elk-grove,https://www.ora4x.com/locations/elk-grove-dental-implants/,76800
full arch dental implants madera ca,Commercial,40,0,0.00,0.00,0,99,28,,https://fusiondentalimplants.com/,https://www.ora4x.com/services/dental-implants/,62400
all on 4 implants rocklin ca,Informational,260,0,0.00,0.33,0,6,5,,https://fusiondentalimplants.com/dental-implants-rocklin,https://www.ora4x.com/areas-served/rocklin-ca/,54400
folsom dental implants,Navigational,90,5,15.62,0.04,0,5,9,,https://fusiondentalimplants.com/dental-implants-folsom,https://www.ora4x.com/areas-served/folsom-ca/,44500
dental implants el dorado hills,Commercial,210,50,21.10,0.57,0,8,14,,https://fusiondentalimplants.com/,https://www.ora4x.com/areas-served/el-dorado-hills-ca/,30400
cheapest dental implants in sacramento,Informational,210,18,9.63,0.91,0,15,10,,https://fusiondentalimplants.com/cheapest-dental-implants-near-me,https://www.ora4x.com/,15500
oroville dental implants,Commercial,50,0,0.00,0.00,0,6,2,,https://fusiondentalimplants.com/dental-implants-oroville,https://www.ora4x.com/areas-served/oroville-ca/,7720
snap in dentures bonsall,Commercial,70,3,0.00,0.00,0,19,58,,https://fusiondentalimplants.com/services/dental-implants/fusion-snap,https://www.ora4x.com/services/dental-implants/snap-on-dentures/,1900
hybrid dentures in vacaville,Commercial,170,-1,0.00,0.00,0,10,33,,https://fusiondentalimplants.com/dental-implants-vacaville,https://www.ora4x.com/areas-served/vacaville-ca/,1250
all on 4 dental implants sf,Informational,40,0,0.00,0.00,0,8,63,,https://fusiondentalimplants.com/locations/ca/san-francisco,https://www.ora4x.com/areas-served/colfax-ca/,205
denture implants near citrus heights,Commercial,70,0,0.00,0.00,0,4,13,,https://fusiondentalimplants.com/dental-implants-citrus-heights,https://www.ora4x.com/areas-served/citrus-heights-ca/,192
tooth replacement 95762,Informational,50,0,0.00,0.00,0,7,17,,https://fusiondentalimplants.com/dental-implants-el-dorado-hills,https://www.ora4x.com/areas-served/el-dorado-hills-ca/,179
dental implant center near roseville,Commercial,50,10,0.00,0.00,0,4,5,,https://fusiondentalimplants.com/,https://www.ora4x.com/locations/roseville-dental-implants/,176
california full arch dental implants clinics,Commercial,110,-1,0.00,0.00,0,2,34,,https://fusiondentalimplants.com/,https://www.ora4x.com/,174
dental implant center near elk grove,Commercial,70,2,0.00,0.00,0,12,4,,https://fusiondentalimplants.com/dental-implants-elk-grove,https://www.ora4x.com/,173
full arch implants in vacaville,Commercial,170,0,0.00,0.00,0,5,9,,https://fusiondentalimplants.com/dental-implants-vacaville,https://www.ora4x.com/areas-served/vacaville-ca/,169
elk grove village dental implants,Commercial,210,0,0.00,0.33,0,42,68,,https://fusiondentalimplants.com/dental-implants-elk-grove,https://www.ora4x.com/locations/elk-grove-dental-implants/,168
best full arch dental implant clinics california,Commercial,140,6,0.00,0.00,0,3,18,,https://fusiondentalimplants.com/,https://www.ora4x.com/,163
how to fix your overbite,Informational,70,0,2.06,0.23,0,96,25,,https://fusiondentalimplants.com/blog/how-to-fix-an-overbite-treatment-options-and-cost,https://www.ora4x.com/blog/how-to-fix-overbite/,152
dental implants for seniors elk grove ca,Commercial,40,0,0.00,0.00,0,8,11,,https://fusiondentalimplants.com/dental-implants-elk-grove,https://www.ora4x.com/locations/elk-grove-dental-implants/,151
dental implants in sacramento ca,Commercial,90,45,14.75,0.52,0,36,7,,https://fusiondentalimplants.com/,https://www.ora4x.com/,148
el dorado hills dental implants cost,Informational,90,0,0.00,0.00,0,2,9,,https://fusiondentalimplants.com/dental-implants-el-dorado-hills,https://www.ora4x.com/areas-served/el-dorado-hills-ca/,146
same day implants orinda,"Commercial, Informational",110,1,0.00,0.00,0,21,47,,https://fusiondentalimplants.com/same-day-dental-implants,https://www.ora4x.com/services/dental-implants/,143
implant dentist elk grove ca,Commercial,40,25,0.00,0.00,0,16,8,,https://fusiondentalimplants.com/dental-implants-elk-grove,https://www.ora4x.com/,142
dental implants in elk grove caorthodontist in elk grove ca,Commercial,210,30,0.00,0.00,0,29,5,,https://fusiondentalimplants.com/dental-implants-elk-grove,https://www.ora4x.com/locations/elk-grove-dental-implants/,141
all on 4 dental implants vallejo,Informational,70,0,0.00,0.00,0,3,45,,https://fusiondentalimplants.com/dental-implants-vallejo,https://www.ora4x.com/,140
roseville all on 4,Commercial,210,0,0.00,0.00,0,8,9,,https://fusiondentalimplants.com/dental-implants-roseville,https://www.ora4x.com/locations/roseville-dental-implants/,140
dental implants cost sacramento ca,Informational,50,0,12.40,0.38,0,42,20,,https://fusiondentalimplants.com/dental-implant-cost-roseville,https://www.ora4x.com/faqs/cost-of-dental-implants/,139
how to fix slight overbite,Informational,30,7,2.09,0.25,0,75,3,,https://fusiondentalimplants.com/blog/how-to-fix-an-overbite-treatment-options-and-cost,https://www.ora4x.com/blog/how-to-fix-overbite/,139
all on 4 dental implants rocklin ca,Informational,210,0,0.00,0.00,0,4,7,,https://fusiondentalimplants.com/dental-implants-rocklin,https://www.ora4x.com/areas-served/rocklin-ca/,138
elk grove dental implants,Commercial,170,7,20.18,0.16,0,11,4,,https://fusiondentalimplants.com/dental-implants-elk-grove,https://www.ora4x.com/,138
placer oral & dental implant surgery,Navigational,110,26,0.00,0.00,0,7,26,,https://fusiondentalimplants.com/locations/placer-county,https://www.ora4x.com/locations/roseville-dental-implants/,138
dental shop of elk grove,Navigational,70,12,1.62,0.08,0,88,84,,https://fusiondentalimplants.com/dental-implants-elk-grove,https://www.ora4x.com/locations/elk-grove-dental-implants/,137
el dorado hills dental implants specialist,Commercial,90,39,0.00,0.00,0,4,17,,https://fusiondentalimplants.com/dental-implants-el-dorado-hills,https://www.ora4x.com/areas-served/el-dorado-hills-ca/,137
dental implants sacramento ca,Commercial,320,48,15.48,0.62,0,8,9,,https://fusiondentalimplants.com/,https://www.ora4x.com/,136
full mouth rehabilitation roseville,Informational,70,0,0.00,0.00,0,19,23,,https://fusiondentalimplants.com/full-mouth-reconstruction,https://www.ora4x.com/locations/roseville-dental-implants/,136
dental implants elk grove,Commercial,260,43,26.77,0.37,0,19,2,,https://fusiondentalimplants.com/dental-implants-elk-grove,https://www.ora4x.com/,135
dental implants roseville ca,Commercial,320,11,17.16,0.19,0,6,1,,https://fusiondentalimplants.com/dental-implants-roseville,https://www.ora4x.com/locations/roseville-dental-implants/,135
dental implants sacramento,Commercial,720,47,14.75,0.52,0,59,6,,https://fusiondentalimplants.com/dental-implants-sacramento,https://www.ora4x.com/,135
tooth implants sacramento,Commercial,70,46,0.00,0.00,0,17,9,,https://fusiondentalimplants.com/dental-implants-sacramento,https://www.ora4x.com/,135
cheap dental implants sacramento,Informational,40,14,21.13,0.26,0,15,22,,https://fusiondentalimplants.com/dental-implants-sacramento,https://www.ora4x.com/areas-served/sacramento-ca/,134
sacramento ca dental implants,Commercial,210,46,14.75,0.52,0,12,5,,https://fusiondentalimplants.com/,https://www.ora4x.com/,134
dental implant cost roseville,Informational,70,0,0.00,0.00,0,2,12,,https://fusiondentalimplants.com/dental-implant-cost-roseville,https://www.ora4x.com/locations/roseville-dental-implants/,133
dental implants elk grove ca,Commercial,70,30,20.18,0.16,0,15,2,,https://fusiondentalimplants.com/dental-implants-elk-grove,https://www.ora4x.com/,133
emergency tooth repair roseville,Commercial,70,6,0.00,0.00,0,77,16,,https://fusiondentalimplants.com/general-dentistry/services/emergency-dentistry,https://www.ora4x.com/locations/roseville-general-dentistry/emergency-dentist/,133
affordable dental implants elk grove ca,Commercial,70,0,0.00,0.00,0,2,35,,https://fusiondentalimplants.com/dental-implants-elk-grove,https://www.ora4x.com/,132
dental implants in fairfield,Commercial,260,13,0.00,0.03,0,19,36,,https://fusiondentalimplants.com/dental-implants-fairfield,https://www.ora4x.com/areas-served/fairfield-ca/,132
dental implants in rocklin,Commercial,90,3,0.00,0.05,0,5,23,,https://fusiondentalimplants.com/dental-implants-rocklin,https://www.ora4x.com/areas-served/rocklin-ca/,132
el dorado hills dental surgery,Commercial,70,32,0.00,0.00,0,12,34,,https://fusiondentalimplants.com/dental-implants-el-dorado-hills,https://www.ora4x.com/areas-served/el-dorado-hills-ca/,129
full mouth dental implants rancho cordova,Commercial,50,0,0.00,0.00,0,60,2,,https://fusiondentalimplants.com/dental-implants-folsom,https://www.ora4x.com/areas-served/rancho-cordova-ca/,129
roseville implant dentistry,Commercial,170,4,16.88,0.25,0,18,3,,https://fusiondentalimplants.com/dental-implants-roseville,https://www.ora4x.com/locations/roseville-dental-implants/,128
dental implants rancho cordova,Commercial,90,3,23.53,0.24,0,2,17,,https://fusiondentalimplants.com/dental-implants-rancho-cordova,https://www.ora4x.com/areas-served/rancho-cordova-ca/,127
roseville dental implants,Commercial,260,13,17.16,0.19,0,6,4,,https://fusiondentalimplants.com/dental-implants-roseville,https://www.ora4x.com/locations/roseville-dental-implants/,127
affordable dental implants folsom,Informational,90,0,0.00,0.00,0,3,10,,https://fusiondentalimplants.com/dental-implants-folsom,https://www.ora4x.com/areas-served/folsom-ca/,125
dental implants citrus heights,Commercial,40,13,0.00,0.30,0,6,14,,https://fusiondentalimplants.com/dental-implants-citrus-heights,https://www.ora4x.com/areas-served/citrus-heights-ca/,125
all on 4 dental implants la canada flintridge,Commercial,90,0,0.00,0.00,0,21,70,,https://fusiondentalimplants.com/,https://www.ora4x.com/areas-served/dixon-ca/,124
dental implants rocklin ca,Commercial,90,21,0.00,0.05,0,7,23,,https://fusiondentalimplants.com/dental-implants-rocklin,https://www.ora4x.com/areas-served/rocklin-ca/,124
implant dentistry el dorado hills,Commercial,40,8,0.00,0.33,0,49,26,,https://fusiondentalimplants.com/dental-implant-cost-el-dorado-hills,https://www.ora4x.com/areas-served/el-dorado-hills-ca/,124
elk grove implant clinic,Commercial,50,7,10.73,0.84,0,18,7,,https://fusiondentalimplants.com/dental-implants-elk-grove,https://www.ora4x.com/locations/elk-grove-dental-implants/,123
sacramento tooth implants,Commercial,70,43,0.00,0.00,0,13,9,,https://fusiondentalimplants.com/,https://www.ora4x.com/,123
all on 4 dental implants cost moreno valley,Informational,50,2,0.00,0.00,0,46,32,,https://fusiondentalimplants.com/costs-financing/dental-implants/multiple-implants,https://www.ora4x.com/faqs/cost-of-dental-implants/,122
full arch implants wildomar,Commercial,50,6,0.00,0.00,0,20,45,,https://fusiondentalimplants.com/,https://www.ora4x.com/services/dental-implants/full-mouth-dental-implants/,122
full arch restoration el dorado hills ca,Informational,110,1,0.00,0.33,0,2,10,,https://fusiondentalimplants.com/dental-implants-el-dorado-hills,https://www.ora4x.com/areas-served/el-dorado-hills-ca/,122
affordable dental implants el dorado hills,Commercial,70,0,0.00,0.00,0,6,9,,https://fusiondentalimplants.com/dental-implants-el-dorado-hills,https://www.ora4x.com/areas-served/el-dorado-hills-ca/,121
dental implants in roseville,Commercial,110,13,16.88,0.25,0,15,2,,https://fusiondentalimplants.com/,https://www.ora4x.com/locations/roseville-dental-implants/,121
dental implants oroville,Commercial,70,2,0.00,0.00,0,13,3,,https://fusiondentalimplants.com/dental-implants-oroville,https://www.ora4x.com/areas-served/oroville-ca/,121
how to fix overbite naturally,Informational,1300,8,2.10,0.10,0,5,21,,https://fusiondentalimplants.com/blog/can-you-fix-an-overbite-naturally,https://www.ora4x.com/blog/how-to-fix-overbite/,121
fix an overbite,Informational,260,15,2.73,0.37,0,60,4,,https://fusiondentalimplants.com/blog/how-to-fix-an-overbite-treatment-options-and-cost,https://www.ora4x.com/blog/how-to-fix-overbite/,120
affordable dental implants lincoln,Commercial,70,9,0.00,0.33,0,46,47,,https://fusiondentalimplants.com/dental-implants-lincoln,https://www.ora4x.com/areas-served/lincoln-ca/,119
dental implants folsom,Commercial,260,4,19.95,0.16,0,12,14,,https://fusiondentalimplants.com/dental-implants-folsom,https://www.ora4x.com/areas-served/folsom-ca/,119
implant overdentures in vacaville,Commercial,210,0,0.00,0.00,0,18,14,,https://fusiondentalimplants.com/dental-implants-vacaville,https://www.ora4x.com/areas-served/vacaville-ca/,118
dental implants roseville,Commercial,480,21,17.16,0.19,0,5,8,,https://fusiondentalimplants.com/,https://www.ora4x.com/locations/roseville-dental-implants/,117
dental implants folsom ca,Commercial,90,5,19.95,0.16,0,47,9,,https://fusiondentalimplants.com/,https://www.ora4x.com/areas-served/folsom-ca/,115
dental implants vacaville ca,Commercial,70,15,18.05,0.45,0,14,20,,https://fusiondentalimplants.com/dental-implants-vacaville,https://www.ora4x.com/areas-served/vacaville-ca/,115
folsom dental implants cost,Informational,50,1,15.62,0.04,0,6,3,,https://fusiondentalimplants.com/dental-implants-folsom,https://www.ora4x.com/areas-served/folsom-ca/,115
dental implants vacaville,Commercial,110,16,18.05,0.45,0,13,24,,https://fusiondentalimplants.com/dental-implants-vacaville,https://www.ora4x.com/areas-served/vacaville-ca/,114
correct overbite in adults,Informational,30,0,1.91,0.34,0,18,38,,https://fusiondentalimplants.com/blog/can-you-fix-an-overbite-naturally,https://www.ora4x.com/blog/how-to-fix-overbite/,112
oroville root canal,Informational,50,3,0.00,0.00,0,53,35,,https://fusiondentalimplants.com/dental-implants-oroville,https://www.ora4x.com/areas-served/oroville-ca/,112
vacaville dental implants,Commercial,90,36,18.05,0.45,0,15,27,,https://fusiondentalimplants.com/dental-implants-vacaville,https://www.ora4x.com/areas-served/vacaville-ca/,111
full arch dental implants wildomar,Commercial,50,4,0.00,0.00,0,59,55,,https://fusiondentalimplants.com/,https://www.ora4x.com/services/dental-implants/full-mouth-dental-implants/,110
placer oral surgery,Navigational,70,28,6.65,0.30,0,21,41,,https://fusiondentalimplants.com/dental-implants-rocklin,https://www.ora4x.com/locations/roseville-dental-implants/,109
zirconia all on 4,Informational,210,0,0.00,0.00,0,49,5,,https://fusiondentalimplants.com/all-on-4-dental-implants/procedure,https://www.ora4x.com/blog/zirconia-all-on-4-implants-what-to-know-before-you-choose-ora-4x/,107
dental implants auburn,Commercial,260,0,11.11,0.14,0,15,46,,https://fusiondentalimplants.com/dental-implants-auburn,https://www.ora4x.com/areas-served/auburn-ca/,102
rocklin oral surgery,Navigational,170,21,2.37,0.09,0,30,37,,https://fusiondentalimplants.com/dental-implants-rocklin,https://www.ora4x.com/areas-served/rocklin-ca/,87
mantena dental and implant center,Navigational,70,25,0.00,0.00,0,19,25,,https://fusiondentalimplants.com/,https://www.ora4x.com/areas-served/el-dorado-hills-ca/,81
